griya,mitraguna,hasanahcard,categorysegmen,gender,umur,monthly_income,marital_status,transaction_activity,pensiun,prapensiun,oto,payroll,existing_product
0,0,1,BUMN,FEMALE,31,42500000,Married,Active,0,0,0,1,hasanahcard
0,0,1,BUMN,MALE,39,10500000,Single,Inactive,0,0,0,0,hasanahcard
0,0,0,Non Target Market,FEMALE,51,8500000,Married,Active,0,1,0,0,prapensiun
0,0,0,BO2,MALE,53,8000000,Married,Inactive,0,1,1,0,"oto, prapensiun"
0,0,0,BO2,MALE,51,7500000,Married,Inactive,0,1,0,0,prapensiun
0,0,0,BO2,MALE,54,3000000,Single,Active,0,1,0,0,prapensiun
0,0,0,BO2,MALE,55,2000000,Single,Active,0,0,0,1,nan
0,0,1,BO2,MALE,53,9500000,Single,Inactive,0,0,0,1,hasanahcard
0,0,0,BO2,MALE,53,4000000,Married,Active,0,0,0,0,nan
0,0,1,BO2,MALE,44,8500000,Married,Active,0,0,1,0,"oto, hasanahcard"
0,0,0,BO2,MALE,55,5500000,Single,Inactive,0,1,0,0,prapensiun
0,0,0,BO2,MALE,43,2000000,Married,Inactive,0,0,0,0,nan
0,1,0,BO2,FEMALE,50,6000000,Married,Active,0,0,0,1,mitraguna
0,0,0,BO2,MALE,44,5000000,Single,Active,0,0,0,0,nan
1,0,1,BO2,MALE,51,12109139,Married,Inactive,0,1,1,0,"griya, oto, hasanahcard, prapensiun"
0,1,1,BO2,MALE,47,10000000,Single,Inactive,0,0,1,1,"oto, mitraguna, hasanahcard"
1,1,1,BO2,MALE,42,13234258,Married,Inactive,0,0,1,1,"griya, oto, mitraguna, hasanahcard"
0,0,0,BO2,MALE,25,3500000,Single,Inactive,0,0,0,0,nan
0,0,1,BO2,MALE,49,7000000,Married,Inactive,0,1,0,0,"hasanahcard, prapensiun"
0,1,0,BO2,MALE,38,5000000,Married,Inactive,0,0,0,1,mitraguna
0,0,0,BO2,MALE,45,5000000,Single,Active,0,0,0,0,nan
0,0,0,BO2,MALE,44,4500000,Single,Active,0,0,0,0,nan
0,0,0,BO2,MALE,41,6000000,Single,Active,0,0,0,0,nan
0,0,1,BO2,MALE,38,8500000,Single,Active,0,0,1,0,"oto, hasanahcard"
0,0,0,BO2,MALE,41,3500000,Single,Active,0,0,0,0,nan
0,0,0,BO2,FEMALE,38,6500000,Married,Inactive,0,0,0,0,nan
0,0,0,BO2,MALE,41,9500000,Single,Active,0,0,0,0,nan
0,0,0,BO2,MALE,40,9000000,Single,Active,0,0,1,0,oto
0,0,0,BO2,MALE,36,5000000,Married,Active,0,0,0,0,nan
0,0,0,BO2,MALE,41,7500000,Single,Inactive,0,0,0,0,nan
0,0,0,BO2,MALE,39,2000000,Married,Inactive,0,0,0,0,nan
0,0,1,BO2,MALE,39,8500000,Single,Active,0,0,0,0,hasanahcard
0,1,0,BO2,MALE,33,9500000,Single,Inactive,0,0,1,1,"oto, mitraguna"
0,0,0,BO2,MALE,33,7500000,Single,Active,0,0,0,0,nan
0,1,1,BO2,MALE,33,5000000,Single,Inactive,0,0,0,1,"mitraguna, hasanahcard"
0,0,1,BO2,MALE,34,5500000,Single,Active,0,0,0,0,hasanahcard
0,1,0,BO2,FEMALE,31,2500000,Single,Inactive,0,0,0,1,mitraguna
0,0,1,BO2,MALE,33,9500000,Married,Active,0,0,0,0,hasanahcard
0,0,0,BO2,FEMALE,29,3000000,Married,Inactive,0,0,0,0,nan
1,0,0,BO2,MALE,33,14007843,Married,Inactive,0,0,0,0,griya
1,0,1,BO2,MALE,30,11370571,Single,Active,0,0,0,0,"griya, hasanahcard"
0,0,0,BO2,MALE,32,6000000,Single,Active,0,0,0,0,nan
0,1,0,BO2,MALE,30,8000000,Married,Active,0,0,1,1,"oto, mitraguna"
0,0,1,BO2,MALE,27,9000000,Married,Inactive,0,0,0,0,hasanahcard
0,0,0,Pensiun,FEMALE,61,3500000,Married,Inactive,1,0,0,0,pensiun
0,1,1,BUMN,MALE,37,48000000,Single,Inactive,0,0,0,1,"mitraguna, hasanahcard"
0,0,1,BUMN,FEMALE,47,19500000,Married,Active,0,0,0,0,hasanahcard
1,0,1,BUMN,MALE,54,46500000,Single,Inactive,0,1,0,0,"griya, hasanahcard, prapensiun"
0,0,1,BUMN,MALE,47,39500000,Married,Active,0,0,0,0,hasanahcard
0,0,0,Swasta,FEMALE,41,4500000,Married,Inactive,0,0,0,0,nan
0,1,1,Lembaga Negara,MALE,34,28000000,Married,Inactive,0,0,0,1,"mitraguna, hasanahcard"
0,0,1,BUMN,MALE,37,47000000,Single,Active,0,0,0,1,hasanahcard
1,0,1,BUMN,FEMALE,28,10000000,Married,Active,0,0,0,1,"griya, hasanahcard"
0,0,0,BO2,MALE,53,4500000,Single,Inactive,0,1,0,0,prapensiun
1,0,1,BO2,MALE,52,11803180,Single,Active,0,0,0,1,"griya, hasanahcard"
1,0,1,BO2,MALE,53,11344077,Single,Active,0,1,0,0,"griya, hasanahcard, prapensiun"
0,0,0,BO2,MALE,56,4000000,Single,Inactive,0,0,0,1,nan
1,0,1,BO2,MALE,52,12992681,Single,Active,0,1,0,0,"griya, hasanahcard, prapensiun"
0,0,1,BO2,FEMALE,51,5500000,Single,Active,0,0,0,1,hasanahcard
0,0,1,Pensiun,FEMALE,54,3000000,Single,Active,0,1,0,0,"hasanahcard, prapensiun"
0,0,0,BO2,MALE,55,8000000,Married,Active,0,0,0,0,nan
0,0,0,BO2,MALE,52,6000000,Married,Active,0,0,0,1,nan
0,1,0,BO2,MALE,47,3500000,Single,Active,0,0,0,1,mitraguna
0,1,1,BO2,FEMALE,52,9000000,Married,Inactive,0,1,0,1,"mitraguna, hasanahcard, prapensiun"
0,0,0,BO2,MALE,45,2000000,Married,Inactive,0,0,0,0,nan
0,0,1,BO2,FEMALE,49,10000000,Married,Inactive,0,1,0,0,"hasanahcard, prapensiun"
0,0,0,BO2,MALE,53,4500000,Married,Inactive,0,1,0,0,prapensiun
0,0,1,BO2,FEMALE,52,3500000,Single,Inactive,0,1,0,0,"hasanahcard, prapensiun"
0,0,0,BO2,MALE,48,6500000,Single,Inactive,0,0,0,0,nan
0,0,0,BO2,MALE,49,5000000,Married,Inactive,0,1,0,1,prapensiun
0,1,0,BO2,MALE,54,2000000,Married,Active,0,1,0,1,"mitraguna, prapensiun"
0,0,0,BO2,MALE,57,3500000,Married,Inactive,0,0,0,0,nan
0,0,0,BO2,FEMALE,48,5500000,Married,Inactive,0,1,0,0,prapensiun
0,0,0,BO2,MALE,48,2500000,Married,Active,0,1,0,0,prapensiun
0,0,1,BO2,MALE,53,9500000,Married,Active,0,0,0,1,hasanahcard
0,0,1,BO2,FEMALE,53,9000000,Married,Inactive,0,1,0,0,"hasanahcard, prapensiun"
0,0,0,BO2,MALE,47,5500000,Married,Inactive,0,0,0,0,nan
0,0,0,BO2,MALE,48,5500000,Married,Inactive,0,1,0,0,prapensiun
0,0,1,BO2,FEMALE,50,2000000,Married,Inactive,0,0,0,0,hasanahcard
0,0,0,BO2,MALE,46,7000000,Married,Active,0,0,0,1,nan
0,0,0,BO2,MALE,48,4000000,Single,Inactive,0,1,0,0,prapensiun
0,0,0,BO2,FEMALE,56,3500000,Single,Active,0,0,0,1,nan
0,0,0,BO2,MALE,54,7500000,Single,Active,0,0,0,1,nan
0,1,1,BO2,MALE,51,8500000,Single,Active,0,1,0,1,"mitraguna, hasanahcard, prapensiun"
0,0,0,BO2,MALE,53,2500000,Single,Active,0,1,0,0,prapensiun
0,1,0,BO2,MALE,52,5500000,Single,Inactive,0,0,0,1,mitraguna
0,0,1,BO2,FEMALE,47,9000000,Married,Inactive,0,0,0,0,hasanahcard
0,1,0,BO2,MALE,57,5500000,Single,Inactive,0,0,0,1,mitraguna
0,0,0,BO2,FEMALE,53,3000000,Single,Active,0,0,0,1,nan
0,0,0,BO2,MALE,53,2500000,Married,Inactive,0,1,0,0,prapensiun
0,0,0,BO2,MALE,42,3000000,Single,Active,0,0,0,0,nan
0,0,0,Pensiun,MALE,71,8000000,Single,Inactive,1,0,0,0,pensiun
0,0,0,BO2,MALE,44,2000000,Single,Active,0,0,0,0,nan
0,0,1,BO2,MALE,50,9000000,Single,Inactive,0,1,0,1,"hasanahcard, prapensiun"
1,0,1,BO2,MALE,42,14653317,Single,Inactive,0,0,0,0,"griya, hasanahcard"
0,0,0,BO2,MALE,45,4000000,Married,Active,0,0,0,0,nan
0,1,0,BO2,MALE,45,6500000,Married,Active,0,0,0,1,mitraguna
0,0,0,BO2,MALE,44,5000000,Single,Active,0,0,0,0,nan
0,0,0,BO2,MALE,45,2500000,Single,Inactive,0,0,0,0,nan
0,0,1,BO2,FEMALE,41,10000000,Married,Inactive,0,0,0,1,hasanahcard
0,0,1,BO2,MALE,43,4500000,Single,Active,0,0,0,0,hasanahcard
0,0,0,BO2,MALE,47,2500000,Single,Active,0,0,0,0,nan
0,0,0,BO2,MALE,53,3000000,Married,Inactive,0,0,0,0,nan
0,0,0,BO2,MALE,50,4500000,Married,Active,0,0,0,0,nan
0,0,0,BO2,MALE,45,4000000,Single,Active,0,0,0,0,nan
0,0,0,BO2,FEMALE,40,2000000,Married,Inactive,0,0,0,0,nan
0,0,1,Swasta,MALE,54,6500000,Single,Inactive,0,1,0,0,"hasanahcard, prapensiun"
0,0,0,BO2,MALE,47,3000000,Single,Inactive,0,0,0,0,nan
0,1,1,BO2,MALE,43,8500000,Married,Inactive,0,0,0,1,"mitraguna, hasanahcard"
0,0,1,BO2,FEMALE,38,11738454,Single,Active,0,0,0,0,hasanahcard
0,0,1,BO2,FEMALE,53,9000000,Married,Active,0,1,0,0,"hasanahcard, prapensiun"
0,0,0,BO2,FEMALE,52,2000000,Married,Inactive,0,1,0,1,prapensiun
0,0,0,BO2,MALE,42,4000000,Married,Active,0,0,0,0,nan
1,0,1,BO2,FEMALE,48,12842436,Single,Active,0,0,0,0,"griya, hasanahcard"
0,0,1,BO2,FEMALE,53,8500000,Married,Active,0,0,0,0,hasanahcard
1,0,0,BO2,MALE,38,13619209,Single,Inactive,0,0,0,1,griya
1,0,0,BO2,MALE,40,12279761,Married,Active,0,0,0,0,griya
1,0,1,BO2,MALE,41,12801525,Single,Inactive,0,0,0,0,"griya, hasanahcard"
0,0,0,BO2,MALE,43,5500000,Single,Inactive,0,0,0,1,nan
0,0,0,BO2,MALE,42,4500000,Married,Inactive,0,0,0,0,nan
0,0,1,BO2,MALE,45,7000000,Married,Active,0,0,0,0,hasanahcard
0,0,1,BO2,FEMALE,44,10000000,Married,Active,0,0,0,0,hasanahcard
0,0,0,BO2,MALE,44,2500000,Single,Inactive,0,0,0,0,nan
0,0,1,BO2,MALE,41,8500000,Single,Inactive,0,0,0,0,hasanahcard
0,0,0,BO2,FEMALE,39,2000000,Single,Inactive,0,0,0,0,nan
1,0,0,BO2,MALE,39,13876320,Single,Inactive,0,0,0,0,griya
1,1,1,BO2,FEMALE,39,13504601,Single,Active,0,0,0,1,"griya, mitraguna, hasanahcard"
0,0,0,BO2,FEMALE,39,9500000,Single,Active,0,0,0,0,nan
0,0,0,BO2,MALE,40,2500000,Single,Inactive,0,0,0,0,nan
0,0,0,BO2,FEMALE,36,5500000,Single,Inactive,0,0,0,0,nan
0,1,0,BO2,MALE,50,5500000,Single,Inactive,0,1,0,1,"mitraguna, prapensiun"
0,0,0,BO2,MALE,36,4500000,Married,Active,0,0,0,0,nan
0,0,1,BO2,MALE,38,10000000,Single,Active,0,0,0,1,hasanahcard
0,0,1,BO2,FEMALE,51,6000000,Married,Inactive,0,0,0,1,hasanahcard
1,0,0,BO2,MALE,41,11543434,Single,Inactive,0,0,0,0,griya
0,0,0,BO2,MALE,43,6000000,Married,Active,0,0,0,0,nan
0,0,1,BO2,MALE,41,6500000,Married,Active,0,0,0,0,hasanahcard
1,0,1,BO2,FEMALE,38,13917951,Married,Inactive,0,0,0,0,"griya, hasanahcard"
0,0,0,BO2,MALE,34,3000000,Single,Inactive,0,0,0,0,nan
0,0,0,BO2,MALE,39,5500000,Married,Active,0,0,0,0,nan
0,1,1,BO2,FEMALE,38,6000000,Married,Inactive,0,0,0,1,"mitraguna, hasanahcard"
1,0,1,BO2,MALE,42,13670999,Single,Inactive,0,0,0,0,"griya, hasanahcard"
0,0,0,BO2,MALE,37,8000000,Single,Inactive,0,0,0,0,nan
0,0,0,BO2,FEMALE,44,8500000,Married,Inactive,0,0,0,0,nan
0,0,0,BO2,MALE,42,2000000,Married,Active,0,0,0,0,nan
0,0,0,BO2,FEMALE,55,2500000,Married,Active,0,0,0,0,nan
0,0,0,Pensiun,FEMALE,64,5500000,Single,Active,0,0,0,0,nan
0,0,0,BO2,FEMALE,40,5500000,Married,Inactive,0,0,0,0,nan
0,0,0,BO2,MALE,37,4500000,Married,Active,0,0,0,0,nan
0,1,0,BO2,FEMALE,37,3500000,Single,Inactive,0,0,0,1,mitraguna
0,1,0,BO2,MALE,38,5000000,Married,Active,0,0,0,1,mitraguna
0,0,1,BO2,FEMALE,37,7000000,Single,Inactive,0,0,0,1,hasanahcard
0,0,1,BO2,MALE,37,10000000,Married,Active,0,0,0,1,hasanahcard
0,0,1,BO2,FEMALE,39,6000000,Married,Inactive,0,0,0,0,hasanahcard
0,0,1,BO2,MALE,35,9500000,Single,Inactive,0,0,0,0,hasanahcard
0,1,0,BO2,FEMALE,38,5500000,Married,Active,0,0,0,1,mitraguna
0,0,0,BO2,FEMALE,40,3000000,Married,Inactive,0,0,0,0,nan
0,0,0,BO2,FEMALE,38,8000000,Married,Active,0,0,0,0,nan
1,0,1,BO2,MALE,33,12467160,Married,Active,0,0,0,0,"griya, hasanahcard"
0,1,1,BO2,FEMALE,41,9500000,Married,Active,0,0,0,1,"mitraguna, hasanahcard"
0,0,0,BO2,FEMALE,36,2000000,Single,Active,0,0,0,0,nan
0,0,0,BO2,MALE,36,5500000,Single,Active,0,0,0,1,nan
0,0,0,BO2,FEMALE,44,5500000,Married,Active,0,0,0,0,nan
0,0,0,BO2,MALE,33,7500000,Single,Inactive,0,0,0,0,nan
1,0,0,BO2,MALE,34,14479303,Single,Inactive,0,0,0,0,griya
0,0,1,BO2,MALE,35,9500000,Married,Inactive,0,0,0,0,hasanahcard
0,0,1,BO2,MALE,34,10000000,Married,Active,0,0,0,0,hasanahcard
0,0,0,BO2,MALE,37,3500000,Married,Inactive,0,0,0,0,nan
0,0,1,BO2,MALE,40,7500000,Married,Inactive,0,0,0,1,hasanahcard
0,0,0,BO2,MALE,33,6500000,Married,Inactive,0,0,0,0,nan
0,1,0,BO2,FEMALE,32,6500000,Married,Active,0,0,0,1,mitraguna
1,0,1,BO2,FEMALE,36,10000000,Single,Inactive,0,0,0,0,"griya, hasanahcard"
0,0,0,BO2,FEMALE,33,2500000,Single,Inactive,0,0,0,0,nan
0,0,0,BO2,MALE,35,5500000,Married,Inactive,0,0,0,0,nan
0,0,0,BO2,MALE,29,9000000,Married,Inactive,0,0,0,1,nan
0,0,0,BO2,MALE,30,3000000,Single,Active,0,0,0,0,nan
0,0,0,BO2,MALE,33,5000000,Single,Active,0,0,0,0,nan
0,1,1,BO2,MALE,37,9000000,Single,Inactive,0,0,0,1,"mitraguna, hasanahcard"
0,1,1,BO2,FEMALE,37,7000000,Married,Inactive,0,0,0,1,"mitraguna, hasanahcard"
1,0,1,BO2,MALE,28,14212489,Single,Inactive,0,0,0,0,"griya, hasanahcard"
0,0,0,BO2,MALE,29,9000000,Single,Active,0,0,0,0,nan
0,0,0,BO2,FEMALE,40,8000000,Single,Active,0,0,0,0,nan
0,0,1,BO2,FEMALE,35,9000000,Married,Active,0,0,0,0,hasanahcard
0,0,1,BO2,MALE,27,10000000,Single,Active,0,0,0,1,hasanahcard
0,1,1,BO2,FEMALE,27,8500000,Married,Active,0,0,0,1,"mitraguna, hasanahcard"
0,0,0,BO2,MALE,33,6500000,Single,Active,0,0,0,0,nan
0,0,0,BO2,MALE,28,6500000,Married,Active,0,0,0,1,nan
0,0,0,BO2,MALE,27,10000000,Married,Inactive,0,0,0,0,nan
0,0,1,BO2,FEMALE,28,8000000,Married,Inactive,0,0,0,0,hasanahcard
0,0,0,BO2,FEMALE,30,5000000,Married,Inactive,0,0,0,1,nan
0,0,0,BO2,FEMALE,31,6000000,Single,Active,0,0,0,1,nan
0,0,1,BO2,FEMALE,33,8000000,Married,Inactive,0,0,0,0,hasanahcard
0,0,0,BO2,FEMALE,31,4000000,Single,Inactive,0,0,0,1,nan
0,0,0,BO2,FEMALE,28,3000000,Single,Inactive,0,0,0,1,nan
0,1,1,BO2,FEMALE,30,8500000,Single,Active,0,0,0,1,"mitraguna, hasanahcard"
0,0,0,BO2,FEMALE,31,10000000,Single,Active,0,0,0,0,nan
0,0,1,BO2,MALE,26,9500000,Married,Inactive,0,0,0,1,hasanahcard
1,0,1,BO2,MALE,28,12881789,Single,Active,0,0,0,1,"griya, hasanahcard"
0,0,0,BO2,FEMALE,29,7500000,Married,Inactive,0,0,0,0,nan
0,0,1,BO2,MALE,29,6500000,Single,Active,0,0,0,0,hasanahcard
0,0,0,BO2,FEMALE,29,6500000,Married,Active,0,0,0,0,nan
0,0,0,BO2,FEMALE,28,5000000,Married,Active,0,0,0,0,nan
0,0,0,BO2,FEMALE,29,2500000,Single,Active,0,0,0,0,nan
0,1,1,BO2,FEMALE,28,5500000,Married,Inactive,0,0,0,1,"mitraguna, hasanahcard"
0,0,1,BO2,FEMALE,27,6000000,Single,Active,0,0,0,0,hasanahcard
0,0,1,Swasta,FEMALE,31,9000000,Single,Inactive,0,0,0,0,hasanahcard
0,0,0,BO2,MALE,32,5000000,Single,Inactive,0,0,0,0,nan
0,0,1,Swasta,FEMALE,62,2500000,Married,Active,1,0,0,0,"hasanahcard, pensiun"
0,0,0,Lembaga Negara,FEMALE,42,28500000,Married,Inactive,0,0,0,0,nan
0,1,0,RS,MALE,45,8500000,Married,Active,0,0,1,1,"oto, mitraguna"
0,1,0,Lembaga Negara,MALE,38,11500000,Married,Active,0,0,1,1,"oto, mitraguna"
0,0,0,BUMN,MALE,49,37000000,Married,Inactive,0,0,1,1,oto
0,0,0,Swasta,MALE,31,2000000,Single,Inactive,0,0,0,1,nan
0,0,0,Swasta,MALE,33,12365790,Single,Active,0,0,1,0,oto
0,0,0,BUMN,MALE,36,34000000,Married,Active,0,0,1,0,oto
0,0,0,BUMN,FEMALE,29,41500000,Married,Inactive,0,0,0,1,nan
0,0,0,BO2,FEMALE,58,8000000,Married,Inactive,0,0,0,0,nan
0,0,0,Swasta,FEMALE,32,7500000,Single,Active,0,0,0,1,nan
0,0,0,BUMN,FEMALE,25,47500000,Married,Active,0,0,0,0,nan
0,0,0,Pendidikan,FEMALE,33,14436308,Single,Active,0,0,0,0,nan
0,0,0,Swasta,MALE,26,11247732,Married,Active,0,0,1,1,oto
0,0,0,Pendidikan,MALE,43,5500000,Married,Inactive,0,0,0,0,nan
0,0,0,BO2,MALE,53,6000000,Married,Inactive,0,1,0,0,prapensiun
0,0,0,Pendidikan,FEMALE,38,2500000,Married,Active,0,0,0,0,nan
0,0,0,Swasta,FEMALE,34,14434229,Married,Inactive,0,0,0,0,nan
1,0,0,BO2,MALE,49,11894621,Single,Inactive,0,1,0,0,"griya, prapensiun"
0,0,0,Pendidikan,MALE,27,4500000,Married,Active,0,0,0,1,nan
0,0,0,Pendidikan,MALE,37,10000000,Single,Inactive,0,0,0,1,nan
0,0,0,Swasta,MALE,33,2000000,Married,Active,0,0,0,0,nan
0,0,0,BO2,FEMALE,54,7000000,Married,Inactive,0,1,0,0,prapensiun
0,0,0,Pendidikan,MALE,53,6500000,Married,Inactive,0,0,0,1,nan
0,0,0,BO2,MALE,46,5500000,Single,Inactive,0,0,0,1,nan
0,0,0,BO2,MALE,48,5000000,Single,Active,0,0,0,1,nan
0,0,0,BO2,FEMALE,44,6500000,Married,Inactive,0,0,0,0,nan
0,0,0,BO2,MALE,51,5500000,Single,Inactive,0,1,0,1,prapensiun
0,0,0,BO2,MALE,49,3000000,Married,Inactive,0,0,0,1,nan
0,0,0,BO2,MALE,55,2500000,Single,Active,0,0,0,0,nan
0,0,0,BO2,MALE,55,3000000,Married,Active,0,0,0,0,nan
0,1,0,BO2,MALE,45,3000000,Married,Active,0,0,0,1,mitraguna
0,0,0,BO2,MALE,55,6000000,Married,Inactive,0,0,0,0,nan
0,0,0,BO2,MALE,53,8500000,Married,Inactive,0,1,0,0,prapensiun
0,0,0,BO2,MALE,53,7000000,Married,Active,0,0,1,1,oto
0,0,0,BO2,MALE,49,8500000,Married,Active,0,0,1,0,oto
0,0,0,BO2,MALE,53,9500000,Married,Active,0,0,1,0,oto
0,0,0,BO2,MALE,55,8000000,Married,Inactive,0,0,0,1,nan
0,0,0,BO2,MALE,35,8000000,Single,Active,0,0,1,0,oto
0,0,0,Pendidikan,FEMALE,43,6000000,Married,Inactive,0,0,0,0,nan
0,0,0,BO2,MALE,44,8500000,Single,Inactive,0,0,0,0,nan
0,0,0,BO2,FEMALE,45,9500000,Married,Active,0,0,0,0,nan
0,0,0,Pendidikan,MALE,49,2500000,Married,Active,0,1,0,0,prapensiun
0,0,0,BO2,FEMALE,26,5500000,Single,Inactive,0,0,0,0,nan
0,0,0,BO2,MALE,53,2500000,Single,Active,0,0,0,0,nan
0,0,0,Swasta,FEMALE,30,3000000,Married,Active,0,0,0,0,nan
0,0,0,Pendidikan,FEMALE,30,8500000,Married,Inactive,0,0,0,0,nan
0,0,0,BO2,MALE,44,6500000,Married,Active,0,0,0,1,nan
0,1,0,BO2,MALE,42,7000000,Married,Active,0,0,0,1,mitraguna
0,0,0,BO2,MALE,43,3500000,Single,Inactive,0,0,0,0,nan
0,0,0,BO2,MALE,53,6500000,Single,Inactive,0,0,0,1,nan
0,0,0,BO2,MALE,26,12126115,Married,Active,0,0,1,0,oto
0,0,0,BO2,MALE,41,10000000,Married,Inactive,0,0,1,1,oto
0,0,0,Pensiun,MALE,61,4000000,Married,Active,1,0,0,0,pensiun
0,0,0,BO2,FEMALE,52,8500000,Single,Active,0,1,1,1,"oto, prapensiun"
0,0,0,BO2,MALE,42,4000000,Married,Inactive,0,0,0,0,nan
0,0,0,BO2,MALE,39,4000000,Single,Active,0,0,0,0,nan
0,0,0,BO2,FEMALE,46,7000000,Married,Active,0,0,0,0,nan
0,0,0,BO2,MALE,40,9000000,Single,Inactive,0,0,1,1,oto
0,0,0,Swasta,FEMALE,29,2000000,Married,Active,0,0,0,0,nan
0,0,0,BO2,MALE,41,8000000,Married,Active,0,0,1,0,oto
0,1,0,BO2,MALE,43,5000000,Married,Active,0,0,0,1,mitraguna
0,0,0,BO2,MALE,38,2500000,Single,Active,0,0,0,0,nan
0,0,0,BO2,MALE,40,10000000,Married,Inactive,0,0,1,0,oto
0,0,0,BO2,MALE,40,7000000,Married,Active,0,0,0,0,nan
1,0,0,BO2,MALE,41,11636109,Married,Active,0,0,1,0,"griya, oto"
0,0,0,BO2,FEMALE,47,6500000,Married,Inactive,0,0,0,0,nan
0,0,0,BO2,MALE,39,6500000,Single,Active,0,0,0,0,nan
0,0,0,BO2,MALE,43,8500000,Single,Active,0,0,0,1,nan
0,0,0,BO2,MALE,42,7000000,Married,Active,0,0,0,0,nan
0,0,0,BO2,MALE,36,8000000,Married,Active,0,0,1,0,oto
0,0,0,BO2,MALE,40,8000000,Single,Active,0,0,1,0,oto
0,0,0,BO2,MALE,39,6500000,Single,Inactive,0,0,0,1,nan
0,0,0,BO2,FEMALE,53,9000000,Single,Inactive,0,0,1,1,oto
0,0,0,BO2,FEMALE,41,5500000,Single,Active,0,0,0,0,nan
0,0,0,BO2,MALE,49,9500000,Single,Inactive,0,1,0,0,prapensiun
0,0,0,BO2,MALE,41,5000000,Single,Inactive,0,0,0,0,nan
0,0,0,BO2,MALE,38,2000000,Single,Inactive,0,0,0,0,nan
0,0,0,BO2,MALE,43,10000000,Married,Active,0,0,1,1,oto
0,0,0,BO2,FEMALE,51,7000000,Married,Inactive,0,0,0,0,nan
0,0,0,BO2,FEMALE,49,9000000,Single,Active,0,1,1,0,"oto, prapensiun"
0,0,0,BO2,MALE,38,8500000,Married,Inactive,0,0,0,0,nan
0,0,0,BO2,FEMALE,37,9000000,Married,Active,0,0,1,0,oto
0,0,0,BO2,FEMALE,38,6000000,Married,Active,0,0,0,0,nan
0,0,0,BO2,FEMALE,41,9500000,Single,Inactive,0,0,0,0,nan
0,0,0,BO2,MALE,39,5500000,Single,Inactive,0,0,0,0,nan
0,0,0,BO2,MALE,42,5500000,Single,Inactive,0,0,0,0,nan
0,0,0,BO2,MALE,41,8500000,Married,Inactive,0,0,0,0,nan
0,0,0,BO2,MALE,42,8500000,Married,Inactive,0,0,0,0,nan
0,1,0,BO2,MALE,42,8500000,Married,Inactive,0,0,0,1,mitraguna
0,0,0,BO2,MALE,42,2000000,Married,Active,0,0,0,0,nan
0,0,0,BO2,MALE,50,8000000,Single,Active,0,0,1,0,oto
0,0,0,BO2,FEMALE,36,8000000,Single,Inactive,0,0,0,0,nan
0,0,0,BO2,MALE,36,4500000,Married,Inactive,0,0,0,0,nan
0,0,0,BO2,FEMALE,37,9000000,Single,Active,0,0,1,0,oto
0,0,0,Pendidikan,MALE,34,2000000,Married,Inactive,0,0,0,1,nan
0,0,0,BO2,MALE,39,4000000,Married,Active,0,0,0,1,nan
0,0,0,BO2,MALE,32,3000000,Married,Inactive,0,0,0,1,nan
0,0,0,BO2,MALE,37,3500000,Married,Inactive,0,0,0,0,nan
0,0,0,Pendidikan,FEMALE,25,8000000,Married,Active,0,0,1,1,oto
0,0,0,BO2,MALE,39,3000000,Single,Inactive,0,0,0,1,nan
0,0,0,BO2,FEMALE,38,3000000,Single,Active,0,0,0,1,nan
0,0,0,BO2,MALE,35,3500000,Married,Inactive,0,0,0,1,nan
0,0,0,BO2,MALE,35,4000000,Single,Active,0,0,0,0,nan
0,0,0,BO2,MALE,35,9000000,Married,Active,0,0,1,0,oto
0,0,0,BO2,MALE,35,2000000,Single,Active,0,0,0,0,nan
0,0,0,BO2,MALE,37,7500000,Single,Inactive,0,0,0,0,nan
0,0,0,BO2,MALE,35,6000000,Married,Inactive,0,0,0,1,nan
0,0,0,BO2,FEMALE,41,9500000,Single,Inactive,0,0,0,0,nan
0,0,0,BO2,FEMALE,38,9000000,Married,Active,0,0,1,0,oto
0,0,0,BO2,MALE,33,6500000,Single,Active,0,0,0,0,nan
0,0,0,BO2,FEMALE,36,7000000,Married,Active,0,0,0,0,nan
0,0,0,BO2,MALE,33,6500000,Married,Inactive,0,0,0,1,nan
0,1,0,BO2,MALE,33,7000000,Married,Inactive,0,0,0,1,mitraguna
0,0,0,BO2,MALE,34,3500000,Married,Active,0,0,0,1,nan
0,0,0,BO2,MALE,36,6500000,Single,Active,0,0,0,0,nan
0,0,0,BO2,MALE,34,2500000,Married,Inactive,0,0,0,0,nan
0,0,0,BO2,MALE,32,9500000,Single,Active,0,0,1,0,oto
1,0,0,BO2,MALE,29,12695413,Single,Active,0,0,1,1,"griya, oto"
0,0,0,BO2,FEMALE,42,7000000,Married,Inactive,0,0,0,1,nan
0,0,0,Pendidikan,FEMALE,37,6000000,Married,Active,0,0,1,1,oto
0,0,0,Non Target Market,MALE,32,6500000,Single,Inactive,0,0,0,0,nan
0,0,0,Swasta,FEMALE,25,3500000,Single,Active,0,0,0,0,nan
0,0,0,Pendidikan,MALE,31,8500000,Married,Inactive,0,0,1,0,oto
0,0,0,BO2,MALE,39,4500000,Single,Inactive,0,0,0,0,nan
0,0,0,BO2,FEMALE,32,9500000,Single,Inactive,0,0,0,0,nan
0,0,0,BO2,MALE,31,6500000,Married,Inactive,0,0,0,0,nan
0,0,0,BO2,MALE,35,8500000,Married,Inactive,0,0,0,0,nan
0,0,0,BO2,MALE,31,6500000,Married,Active,0,0,0,0,nan
0,0,0,BO2,MALE,30,6500000,Single,Inactive,0,0,0,0,nan
0,0,0,BO2,FEMALE,38,6000000,Married,Active,0,0,1,0,oto
0,1,0,BO2,MALE,36,2500000,Single,Active,0,0,0,1,mitraguna
0,0,0,BO2,MALE,36,8500000,Single,Inactive,0,0,1,0,oto
0,0,0,BO2,MALE,29,9500000,Married,Inactive,0,0,0,0,nan
0,0,0,BO2,FEMALE,29,7500000,Single,Active,0,0,1,1,oto
0,0,0,BO2,MALE,29,4500000,Married,Active,0,0,0,0,nan
0,0,0,BO2,MALE,33,7000000,Single,Active,0,0,1,0,oto
0,0,0,BO2,MALE,30,8000000,Married,Inactive,0,0,1,0,oto
0,0,0,BO2,MALE,29,2000000,Single,Inactive,0,0,0,0,nan
0,0,0,BO2,MALE,28,2500000,Married,Inactive,0,0,0,0,nan
0,0,0,BO2,FEMALE,33,3500000,Single,Active,0,0,0,0,nan
0,0,0,BO2,FEMALE,32,4500000,Married,Active,0,0,0,0,nan
0,1,0,BO2,MALE,28,8500000,Single,Inactive,0,0,0,1,mitraguna
0,0,0,BO2,MALE,33,8500000,Married,Inactive,0,0,0,0,nan
0,0,0,BO2,FEMALE,31,5500000,Single,Inactive,0,0,0,1,nan
0,0,0,BO2,FEMALE,31,9000000,Single,Active,0,0,1,0,oto
0,0,0,BO2,FEMALE,34,10000000,Single,Inactive,0,0,1,0,oto
0,0,0,BO2,FEMALE,33,6500000,Married,Inactive,0,0,0,0,nan
0,0,0,BO2,FEMALE,34,9500000,Married,Active,0,0,1,0,oto
0,0,0,Swasta,MALE,35,8000000,Single,Active,0,0,1,1,oto
0,0,0,BO2,FEMALE,29,10000000,Single,Active,0,0,1,1,oto
0,0,0,BO2,FEMALE,33,7000000,Single,Inactive,0,0,0,0,nan
0,0,0,BO2,FEMALE,31,8500000,Married,Active,0,0,1,0,oto
0,1,0,BO2,FEMALE,28,5500000,Single,Inactive,0,0,0,1,mitraguna
0,0,0,BO2,MALE,29,5500000,Married,Inactive,0,0,0,0,nan
0,0,0,BO2,FEMALE,28,3500000,Married,Inactive,0,0,0,0,nan
0,0,0,BO2,FEMALE,28,2000000,Married,Active,0,0,0,0,nan
0,0,0,BO2,FEMALE,30,6500000,Single,Inactive,0,0,1,0,oto
0,0,0,BO2,FEMALE,30,8500000,Married,Inactive,0,0,0,1,nan
0,0,0,BO2,FEMALE,26,4500000,Single,Inactive,0,0,0,0,nan
0,0,0,BO2,MALE,27,6500000,Married,Active,0,0,0,1,nan
0,0,0,BO2,FEMALE,29,9000000,Single,Inactive,0,0,1,0,oto
0,0,0,BO2,FEMALE,29,9500000,Married,Inactive,0,0,0,0,nan
1,0,0,BO2,FEMALE,28,14412127,Married,Inactive,0,0,1,0,"griya, oto"
0,1,0,BO2,FEMALE,30,5000000,Married,Inactive,0,0,0,1,mitraguna
0,0,0,BO2,MALE,26,3500000,Single,Inactive,0,0,0,1,nan
1,0,0,BO2,FEMALE,27,12779937,Married,Inactive,0,0,1,0,"griya, oto"
0,0,0,BO2,MALE,29,4000000,Single,Inactive,0,0,0,0,nan
0,0,0,BO2,FEMALE,24,9500000,Married,Inactive,0,0,1,1,oto
0,0,0,BO2,FEMALE,25,3500000,Married,Active,0,0,0,1,nan
0,0,0,Pendidikan,MALE,34,4000000,Single,Inactive,0,0,0,0,nan
0,0,0,BO2,MALE,28,3000000,Married,Active,0,0,0,0,nan
0,0,0,BO2,FEMALE,26,9000000,Single,Inactive,0,0,0,0,nan
0,0,0,BO2,FEMALE,26,6000000,Married,Inactive,0,0,0,0,nan
0,0,0,BO2,FEMALE,24,8000000,Single,Inactive,0,0,0,0,nan
0,0,0,Pensiun,MALE,23,6500000,Single,Inactive,0,0,1,0,oto
0,0,0,Pensiun,MALE,62,4000000,Single,Active,1,0,0,0,pensiun
0,0,0,BO2,FEMALE,32,3500000,Single,Active,0,0,0,1,nan
0,0,0,Non Target Market,FEMALE,22,8500000,Single,Inactive,0,0,1,1,oto
0,0,0,Swasta,FEMALE,30,9000000,Married,Inactive,0,0,0,0,nan
0,0,0,BUMN,FEMALE,33,46000000,Single,Active,0,0,1,0,oto
0,0,0,BUMN,FEMALE,44,27500000,Single,Inactive,0,0,1,0,oto
0,0,0,Swasta,FEMALE,26,9000000,Single,Inactive,0,0,1,1,oto
0,0,0,Swasta,FEMALE,21,7000000,Single,Inactive,0,0,1,1,oto
0,0,0,BUMN,MALE,45,45500000,Married,Active,0,0,0,0,nan
0,0,0,Lembaga Negara,MALE,40,8500000,Married,Inactive,0,0,0,0,nan
0,0,0,Lembaga Negara,FEMALE,35,5500000,Married,Inactive,0,0,0,0,nan
0,1,0,Lembaga Negara,MALE,36,13500000,Married,Inactive,0,0,1,1,"oto, mitraguna"
0,0,0,Lembaga Negara,MALE,39,12500000,Married,Inactive,0,0,0,1,nan
0,1,0,Lembaga Negara,MALE,37,12000000,Married,Active,0,0,0,1,mitraguna
0,0,0,Lembaga Negara,FEMALE,34,9000000,Married,Inactive,0,0,0,0,nan
0,0,0,Lembaga Negara,FEMALE,34,28500000,Married,Inactive,0,0,0,0,nan
0,0,0,Lembaga Negara,FEMALE,35,8000000,Single,Inactive,0,0,0,0,nan
0,0,0,Lembaga Negara,MALE,38,28500000,Married,Inactive,0,0,0,0,nan
0,0,0,Lembaga Negara,MALE,47,22000000,Single,Active,0,0,0,0,nan
0,0,0,BO2,MALE,64,3000000,Single,Inactive,1,0,0,1,pensiun
0,0,0,Lembaga Negara,MALE,40,6000000,Married,Active,0,0,0,0,nan
0,0,0,Swasta,MALE,51,2000000,Single,Active,0,1,0,0,prapensiun
0,0,0,Lembaga Negara,MALE,54,22500000,Single,Inactive,0,1,0,0,prapensiun
1,0,0,BUMN,MALE,50,17500000,Single,Active,0,1,0,0,"griya, prapensiun"
0,1,0,BUMN,MALE,37,49500000,Married,Inactive,0,0,0,1,mitraguna
0,0,0,Swasta,FEMALE,31,8500000,Married,Inactive,0,0,0,0,nan
0,0,0,Swasta,FEMALE,33,5500000,Married,Inactive,0,0,0,1,nan
0,0,0,BUMN,MALE,39,33500000,Single,Inactive,0,0,0,0,nan
0,1,0,BO2,MALE,56,6000000,Single,Inactive,0,0,0,1,mitraguna
0,0,0,Swasta,FEMALE,57,2000000,Married,Active,0,0,0,1,nan
1,0,0,BUMN,MALE,39,49500000,Single,Inactive,0,0,0,0,griya
0,0,0,RS,MALE,38,7000000,Single,Inactive,0,0,0,0,nan
0,1,0,BUMN,FEMALE,39,22500000,Married,Active,0,0,0,1,mitraguna
0,0,0,Swasta,MALE,34,4000000,Married,Inactive,0,0,0,0,nan
0,0,0,Swasta,MALE,44,5000000,Married,Active,0,0,0,0,nan
0,0,0,Swasta,MALE,39,7000000,Married,Active,0,0,0,1,nan
0,0,0,Swasta,FEMALE,32,13187902,Married,Active,0,0,0,0,nan
1,0,0,Swasta,MALE,30,12404766,Married,Active,0,0,0,1,griya
0,0,0,Non Target Market,MALE,51,8000000,Married,Inactive,0,0,0,0,nan
0,0,0,BUMN,MALE,31,11000000,Single,Active,0,0,0,1,nan
0,0,0,Swasta,MALE,47,7500000,Single,Inactive,0,0,0,0,nan
0,0,0,BO2,MALE,34,7500000,Single,Active,0,0,0,0,nan
0,0,0,Swasta,MALE,41,2500000,Single,Active,0,0,0,0,nan
0,0,0,Swasta,MALE,35,3500000,Single,Inactive,0,0,0,0,nan
0,0,0,BUMN,MALE,36,10000000,Single,Inactive,0,0,0,0,nan
0,0,0,BUMN,MALE,32,40000000,Single,Inactive,0,0,0,0,nan
0,0,0,Swasta,MALE,54,6500000,Married,Inactive,0,0,0,0,nan
0,0,0,Swasta,MALE,36,7500000,Married,Inactive,0,0,0,1,nan
0,0,0,Swasta,MALE,42,5000000,Single,Inactive,0,0,0,1,nan
0,0,0,Swasta,MALE,40,13139073,Married,Inactive,0,0,0,0,nan
0,0,0,BUMN,MALE,37,14554356,Single,Active,0,0,0,0,nan
0,0,0,Swasta,MALE,26,5500000,Single,Active,0,0,0,0,nan
0,0,0,Swasta,MALE,38,6500000,Married,Active,0,0,0,0,nan
0,0,0,Swasta,MALE,41,5500000,Single,Inactive,0,0,0,0,nan
0,0,0,Swasta,MALE,38,3500000,Married,Inactive,0,0,0,1,nan
0,0,0,Swasta,MALE,34,6000000,Married,Inactive,0,0,0,1,nan
0,0,0,Swasta,MALE,35,9000000,Single,Inactive,0,0,0,0,nan
0,0,0,BO2,MALE,58,7500000,Single,Inactive,0,0,0,0,nan
0,0,0,Swasta,MALE,43,4500000,Married,Inactive,0,0,0,1,nan
0,0,0,BO2,MALE,56,7500000,Married,Active,0,0,0,0,nan
1,0,0,Lembaga Negara,MALE,27,11500000,Married,Active,0,0,0,0,griya
0,0,0,BO2,MALE,53,6000000,Married,Inactive,0,0,0,0,nan
0,0,0,Swasta,MALE,40,3000000,Single,Inactive,0,0,0,1,nan
0,0,0,Swasta,FEMALE,33,5500000,Single,Active,0,0,0,1,nan
0,0,0,Pendidikan,FEMALE,37,4500000,Married,Inactive,0,0,0,0,nan
0,0,0,Swasta,FEMALE,30,9000000,Married,Inactive,0,0,0,0,nan
0,0,0,Swasta,FEMALE,31,8000000,Married,Inactive,0,0,0,0,nan
0,0,0,BO2,MALE,51,5500000,Married,Inactive,0,1,0,0,prapensiun
0,0,0,BUMN,FEMALE,28,48500000,Single,Active,0,0,0,0,nan
0,0,0,BO2,MALE,34,7000000,Single,Active,0,0,0,0,nan
0,0,0,Pendidikan,FEMALE,53,2500000,Single,Active,0,1,0,0,prapensiun
0,0,0,Swasta,MALE,37,5500000,Single,Active,0,0,0,0,nan
0,0,0,Pendidikan,MALE,48,2500000,Single,Inactive,0,0,0,0,nan
0,1,0,BUMN,MALE,28,25000000,Single,Active,0,0,0,1,mitraguna
0,0,0,Pendidikan,MALE,40,8000000,Married,Active,0,0,0,0,nan
0,0,0,Non Target Market,MALE,36,6000000,Married,Inactive,0,0,0,0,nan
0,0,0,BO2,MALE,54,3000000,Single,Inactive,0,0,0,0,nan
0,0,0,Pendidikan,MALE,48,5000000,Single,Active,0,0,0,0,nan
0,0,0,Non Target Market,FEMALE,24,7000000,Married,Inactive,0,0,0,0,nan
0,0,0,BO2,FEMALE,57,9000000,Single,Active,0,0,0,1,nan
0,0,0,BO2,MALE,54,4000000,Married,Inactive,0,0,0,0,nan
0,0,0,BO2,MALE,54,8500000,Single,Inactive,0,1,0,1,prapensiun
0,0,0,BO2,FEMALE,53,8000000,Single,Active,0,1,0,0,prapensiun
0,0,0,BO2,MALE,55,4000000,Single,Inactive,0,1,0,1,prapensiun
0,0,0,BO2,MALE,54,10000000,Single,Inactive,0,0,0,1,nan
0,0,0,BUMN,FEMALE,34,36500000,Single,Active,0,0,0,1,nan
0,0,0,BO2,MALE,55,3500000,Single,Inactive,0,0,0,0,nan
0,0,0,Non Target Market,FEMALE,26,4000000,Married,Inactive,0,0,0,0,nan
0,0,0,BO2,MALE,51,4500000,Single,Active,0,0,0,0,nan
0,0,0,RS,FEMALE,29,8500000,Married,Active,0,0,0,1,nan
0,0,0,Pendidikan,FEMALE,53,8000000,Single,Inactive,0,0,0,0,nan
0,0,0,BO2,MALE,55,9000000,Married,Active,0,0,0,0,nan
0,0,0,BO2,MALE,55,10000000,Single,Active,0,0,0,0,nan
0,0,0,Swasta,FEMALE,39,11802045,Married,Active,0,0,0,0,nan
0,0,0,Swasta,MALE,34,7000000,Single,Inactive,0,0,0,0,nan
0,0,0,BO2,MALE,49,6500000,Married,Active,0,1,0,0,prapensiun
0,0,0,Pendidikan,FEMALE,30,6000000,Single,Active,0,0,0,0,nan
0,0,0,Swasta,FEMALE,25,10000000,Single,Inactive,0,0,0,0,nan
0,0,0,BO2,MALE,56,10000000,Single,Inactive,0,0,0,0,nan
0,0,0,BO2,MALE,48,4000000,Married,Inactive,0,1,0,0,prapensiun
0,0,0,BO2,FEMALE,47,7500000,Married,Active,0,0,0,0,nan
0,0,0,BO2,MALE,53,4500000,Married,Active,0,0,0,1,nan
0,0,0,Swasta,MALE,51,7500000,Married,Inactive,0,0,0,1,nan
0,0,0,Swasta,FEMALE,29,3000000,Single,Inactive,0,0,0,0,nan
0,0,0,BO2,MALE,50,3000000,Married,Inactive,0,0,0,0,nan
0,0,0,BO2,MALE,52,3000000,Single,Inactive,0,0,0,0,nan
0,0,0,BO2,MALE,55,4000000,Married,Active,0,1,0,0,prapensiun
0,0,0,BO2,MALE,54,9500000,Married,Inactive,0,1,0,0,prapensiun
0,0,0,BO2,MALE,55,4500000,Single,Inactive,0,1,0,0,prapensiun
0,1,0,BO2,MALE,54,6000000,Married,Active,0,0,0,1,mitraguna
0,0,0,BO2,MALE,56,10000000,Single,Inactive,0,0,0,0,nan
0,0,0,BO2,MALE,55,5000000,Single,Inactive,0,1,0,1,prapensiun
0,0,0,Swasta,MALE,31,8000000,Single,Active,0,0,0,0,nan
0,0,0,Swasta,MALE,35,7500000,Married,Active,0,0,0,1,nan
0,0,0,Pensiun,FEMALE,65,9000000,Single,Active,1,0,0,0,pensiun
0,1,0,BO2,MALE,47,10000000,Married,Active,0,0,0,1,mitraguna
0,0,0,BO2,MALE,51,3500000,Single,Inactive,0,1,0,1,prapensiun
0,0,0,BO2,MALE,52,3000000,Single,Inactive,0,0,0,0,nan
0,0,0,BO2,FEMALE,53,7000000,Married,Active,0,0,0,1,nan
0,0,0,BO2,FEMALE,55,5500000,Single,Active,0,0,0,0,nan
0,0,0,BO2,MALE,48,2500000,Single,Inactive,0,1,0,0,prapensiun
0,0,0,BO2,MALE,44,10000000,Married,Inactive,0,0,0,0,nan
0,0,0,BO2,MALE,45,5500000,Married,Inactive,0,0,0,0,nan
0,0,0,BO2,MALE,52,9500000,Single,Active,0,1,0,0,prapensiun
0,0,0,Swasta,FEMALE,25,5000000,Single,Active,0,0,0,0,nan
0,0,0,BO2,MALE,49,9500000,Single,Inactive,0,1,0,0,prapensiun
0,0,0,BO2,MALE,51,5500000,Married,Active,0,1,0,0,prapensiun
0,0,0,BO2,MALE,51,9500000,Married,Active,0,0,0,0,nan
0,1,0,BO2,MALE,54,5000000,Married,Inactive,0,0,0,1,mitraguna
0,0,0,BO2,MALE,57,3500000,Married,Inactive,0,0,0,0,nan
0,0,0,Swasta,FEMALE,31,8500000,Married,Active,0,0,0,0,nan
0,0,0,BO2,MALE,50,8500000,Single,Active,0,1,0,0,prapensiun
0,0,0,BO2,MALE,55,9000000,Single,Inactive,0,0,0,1,nan
0,0,0,BO2,MALE,52,2500000,Married,Inactive,0,1,0,1,prapensiun
0,0,0,BO2,MALE,54,3500000,Married,Active,0,1,0,0,prapensiun
0,0,0,BO2,MALE,55,8000000,Married,Active,0,1,0,0,prapensiun
0,0,0,BO2,MALE,55,3500000,Married,Active,0,0,0,0,nan
0,0,0,BO2,MALE,49,5000000,Married,Inactive,0,0,0,0,nan
0,0,0,Pendidikan,MALE,32,5000000,Single,Inactive,0,0,0,0,nan
0,0,0,BO2,MALE,45,4000000,Married,Active,0,0,0,0,nan
0,0,0,BO2,MALE,48,4500000,Single,Active,0,1,0,0,prapensiun
0,0,0,BO2,MALE,53,9000000,Single,Active,0,0,0,0,nan
0,0,0,BO2,MALE,32,9000000,Married,Inactive,0,0,0,0,nan
0,0,0,BO2,MALE,54,3500000,Married,Inactive,0,0,0,0,nan
0,0,0,BO2,MALE,49,2000000,Married,Inactive,0,1,0,0,prapensiun
0,0,0,BO2,MALE,50,5500000,Single,Inactive,0,1,0,0,prapensiun
0,0,0,BO2,MALE,51,4500000,Single,Inactive,0,1,0,0,prapensiun
0,0,0,BO2,MALE,50,8500000,Married,Inactive,0,0,0,0,nan
0,1,0,BO2,FEMALE,43,9500000,Single,Active,0,0,0,1,mitraguna
0,0,0,BO2,MALE,55,5000000,Single,Active,0,1,0,1,prapensiun
0,0,0,Pendidikan,MALE,30,2500000,Married,Inactive,0,0,0,0,nan
0,1,0,BO2,FEMALE,55,4500000,Single,Active,0,1,0,1,"mitraguna, prapensiun"
0,0,0,BO2,MALE,49,7000000,Married,Active,0,0,0,1,nan
0,0,0,BO2,FEMALE,44,2500000,Married,Active,0,0,0,0,nan
0,0,0,BO2,MALE,46,9500000,Single,Inactive,0,0,0,0,nan
0,0,0,BO2,MALE,50,10000000,Single,Inactive,0,1,0,0,prapensiun
1,0,0,BO2,MALE,52,12459417,Married,Active,0,1,0,0,"griya, prapensiun"
0,0,0,BO2,MALE,24,3000000,Single,Inactive,0,0,0,0,nan
0,0,0,BO2,FEMALE,23,8000000,Single,Inactive,0,0,0,0,nan
0,0,0,BO2,MALE,44,5500000,Married,Active,0,0,0,0,nan
0,0,0,Pendidikan,FEMALE,44,10000000,Married,Inactive,0,0,0,0,nan
0,0,0,BO2,MALE,55,7000000,Married,Active,0,0,0,0,nan
0,0,0,BO2,FEMALE,42,6000000,Single,Active,0,0,0,0,nan
0,0,0,Swasta,FEMALE,27,5000000,Married,Active,0,0,0,0,nan
0,0,0,BO2,MALE,49,7000000,Married,Active,0,1,0,0,prapensiun
0,0,0,BO2,MALE,36,5500000,Married,Inactive,0,0,0,0,nan
0,0,0,BO2,MALE,40,6000000,Married,Active,0,0,0,0,nan
0,0,0,RS,FEMALE,26,8000000,Single,Active,0,0,0,0,nan
0,0,0,BO2,MALE,47,9000000,Married,Active,0,0,0,0,nan
1,0,0,BO2,MALE,41,12180745,Married,Active,0,0,0,0,griya
0,1,0,BO2,MALE,47,9000000,Married,Inactive,0,0,0,1,mitraguna
0,0,0,Pendidikan,MALE,45,3000000,Married,Inactive,0,0,0,1,nan
0,0,0,BO2,MALE,48,5000000,Single,Active,0,1,0,1,prapensiun
0,0,0,Pendidikan,FEMALE,42,10000000,Single,Inactive,0,0,0,0,nan
0,0,0,BO2,MALE,48,6000000,Married,Inactive,0,1,0,0,prapensiun
0,1,0,BO2,MALE,48,4000000,Single,Active,0,1,0,1,"mitraguna, prapensiun"
0,0,0,BO2,MALE,49,7500000,Single,Active,0,1,0,0,prapensiun
0,0,0,BO2,MALE,56,3000000,Single,Inactive,0,0,0,0,nan
0,1,0,BO2,MALE,52,5500000,Single,Inactive,0,0,0,1,mitraguna
0,0,0,BO2,FEMALE,56,7500000,Single,Active,0,0,0,0,nan
0,0,0,BO2,MALE,58,4500000,Married,Active,1,0,0,1,pensiun
0,0,0,Swasta,FEMALE,25,9000000,Single,Active,0,0,0,0,nan
0,0,0,BO2,MALE,41,6500000,Single,Active,0,0,0,0,nan
0,0,0,BO2,FEMALE,26,10000000,Single,Active,0,0,0,0,nan
0,0,0,BO2,MALE,25,2000000,Married,Inactive,0,0,0,0,nan
0,0,0,BO2,FEMALE,26,6500000,Single,Active,0,0,0,0,nan
0,0,0,BO2,FEMALE,25,4000000,Single,Inactive,0,0,0,0,nan
0,0,0,BO2,MALE,25,6000000,Married,Active,0,0,0,0,nan
0,0,0,BO2,FEMALE,26,12732426,Married,Inactive,0,0,0,1,nan
0,0,0,BO2,FEMALE,24,4000000,Single,Inactive,0,0,0,1,nan
0,0,0,BO2,FEMALE,25,6000000,Married,Active,0,0,0,1,nan
0,0,0,BO2,MALE,43,5000000,Married,Inactive,0,0,0,0,nan
0,0,0,BO2,MALE,42,7000000,Married,Active,0,0,0,0,nan
0,0,0,BO2,MALE,43,5000000,Married,Inactive,0,0,0,0,nan
1,0,0,BO2,MALE,41,13561551,Married,Inactive,0,0,0,1,griya
0,0,0,BO2,MALE,43,9500000,Single,Inactive,0,0,0,1,nan
0,0,0,BO2,MALE,42,6000000,Married,Inactive,0,0,0,0,nan
0,0,0,BO2,MALE,41,2500000,Married,Active,0,0,0,0,nan
1,0,0,BO2,MALE,44,12201090,Single,Active,0,0,0,0,griya
0,0,0,BO2,MALE,38,2500000,Single,Active,0,0,0,0,nan
0,0,0,BO2,MALE,50,6000000,Married,Inactive,0,0,0,1,nan
0,0,0,BO2,FEMALE,24,4500000,Single,Inactive,0,0,0,0,nan
0,0,0,BO2,FEMALE,50,3500000,Single,Active,0,0,0,1,nan
0,0,0,BO2,MALE,45,3000000,Married,Inactive,0,0,0,1,nan
0,0,0,BO2,FEMALE,49,2500000,Married,Active,0,1,0,0,prapensiun
0,0,0,Swasta,FEMALE,30,4000000,Single,Inactive,0,0,0,1,nan
1,0,0,BO2,FEMALE,44,11260244,Single,Inactive,0,0,0,0,griya
0,0,0,BO2,MALE,39,7500000,Single,Inactive,0,0,0,0,nan
0,1,0,BO2,MALE,41,5000000,Married,Inactive,0,0,0,1,mitraguna
1,0,0,BO2,MALE,40,11732510,Single,Active,0,0,0,0,griya
0,0,0,BO2,MALE,42,3500000,Married,Inactive,0,0,0,0,nan
0,0,0,BO2,FEMALE,40,7500000,Single,Active,0,0,0,0,nan
0,0,0,BO2,FEMALE,43,8500000,Single,Inactive,0,0,0,0,nan
0,0,0,BO2,MALE,38,4500000,Single,Active,0,0,0,1,nan
0,1,0,BO2,MALE,41,8500000,Single,Inactive,0,0,0,1,mitraguna
0,0,0,BO2,FEMALE,58,2000000,Single,Active,0,0,0,0,nan
0,0,0,BO2,MALE,43,4500000,Single,Active,0,0,0,0,nan
0,0,0,BO2,MALE,38,8500000,Single,Active,0,0,0,0,nan
0,0,0,BO2,MALE,39,5500000,Married,Inactive,0,0,0,0,nan
0,0,0,Pensiun,FEMALE,67,6000000,Single,Inactive,0,0,0,0,nan
0,0,0,Pensiun,MALE,59,4500000,Single,Active,0,0,0,0,nan
0,0,0,BO2,MALE,36,3500000,Married,Inactive,0,0,0,0,nan
0,0,0,Swasta,FEMALE,43,8000000,Single,Active,0,0,0,0,nan
0,0,0,BO2,MALE,58,2500000,Married,Active,1,0,0,0,pensiun
0,0,0,BO2,MALE,38,9500000,Married,Inactive,0,0,0,0,nan
1,0,0,BO2,MALE,38,12858703,Single,Inactive,0,0,0,1,griya
0,0,0,BO2,MALE,40,7500000,Single,Inactive,0,0,0,1,nan
0,1,0,BO2,MALE,43,6500000,Married,Inactive,0,0,0,1,mitraguna
0,0,0,BO2,FEMALE,38,5500000,Married,Inactive,0,0,0,0,nan
0,1,0,BO2,MALE,43,5500000,Married,Active,0,0,0,1,mitraguna
0,0,0,Pendidikan,MALE,37,8000000,Single,Active,0,0,0,1,nan
0,0,0,BO2,MALE,41,6000000,Single,Inactive,0,0,0,1,nan
0,0,0,BO2,MALE,40,3000000,Single,Active,0,0,0,1,nan
0,0,0,Swasta,MALE,26,6000000,Single,Active,0,0,0,0,nan
0,0,0,BO2,MALE,41,7500000,Single,Active,0,0,0,0,nan
0,0,0,BO2,FEMALE,47,8000000,Married,Active,0,0,0,0,nan
0,0,0,BO2,FEMALE,48,7000000,Single,Active,0,1,0,0,prapensiun
0,1,0,BO2,MALE,41,2000000,Married,Active,0,0,0,1,mitraguna
0,1,0,BO2,MALE,42,3500000,Married,Inactive,0,0,0,1,mitraguna
0,0,0,BO2,MALE,54,6000000,Married,Inactive,0,0,0,0,nan
0,0,0,Pendidikan,MALE,21,6000000,Single,Inactive,0,0,0,0,nan
1,0,0,BO2,MALE,41,13471410,Married,Inactive,0,0,0,0,griya
0,0,0,BO2,MALE,46,7500000,Single,Active,0,0,0,0,nan
0,0,0,Pensiun,MALE,63,7000000,Married,Inactive,0,0,0,0,nan
0,0,0,BO2,FEMALE,40,8500000,Single,Inactive,0,0,0,0,nan
0,0,0,BO2,MALE,42,10000000,Single,Inactive,0,0,0,0,nan
0,0,0,BO2,FEMALE,38,3500000,Married,Active,0,0,0,0,nan
0,0,0,BO2,FEMALE,56,2000000,Married,Active,0,0,0,0,nan
0,0,0,BO2,MALE,40,5000000,Single,Inactive,0,0,0,0,nan
0,1,0,BO2,FEMALE,54,7500000,Single,Inactive,0,1,0,1,"mitraguna, prapensiun"
0,0,0,BO2,MALE,40,8500000,Married,Active,0,0,0,0,nan
0,0,0,BO2,MALE,41,3000000,Married,Active,0,0,0,1,nan
0,0,0,BO2,MALE,50,10000000,Single,Inactive,0,0,0,0,nan
0,0,0,BO2,MALE,43,8000000,Married,Active,0,0,0,0,nan
1,0,0,BO2,MALE,41,12936413,Married,Inactive,0,0,0,0,griya
0,0,0,BO2,MALE,50,4000000,Married,Active,0,0,0,0,nan
0,0,0,BO2,MALE,55,5000000,Single,Active,0,0,0,0,nan
0,0,0,BO2,MALE,47,8500000,Married,Active,0,0,0,1,nan
0,0,0,BO2,FEMALE,38,4500000,Single,Inactive,0,0,0,1,nan
0,0,0,BO2,MALE,37,6500000,Married,Active,0,0,0,0,nan
0,0,0,Swasta,FEMALE,31,8500000,Single,Active,0,0,0,0,nan
0,0,0,BO2,FEMALE,51,7000000,Single,Inactive,0,1,0,0,prapensiun
0,0,0,Swasta,FEMALE,29,9000000,Married,Inactive,0,0,0,1,nan
0,0,0,BO2,MALE,25,9000000,Married,Inactive,0,0,0,0,nan
0,0,0,Non Target Market,MALE,34,5000000,Married,Inactive,0,0,0,1,nan
1,0,0,BO2,FEMALE,38,10000000,Married,Inactive,0,0,0,0,griya
0,0,0,BO2,FEMALE,40,4500000,Married,Active,0,0,0,1,nan
0,0,0,BO2,FEMALE,39,3000000,Single,Active,0,0,0,1,nan
0,0,0,BO2,MALE,41,10000000,Married,Inactive,0,0,0,0,nan
0,0,0,BO2,MALE,42,7000000,Married,Inactive,0,0,0,0,nan
0,0,0,BO2,FEMALE,39,3000000,Single,Inactive,0,0,0,0,nan
0,0,0,BO2,MALE,40,5500000,Married,Inactive,0,0,0,0,nan
0,0,0,BO2,MALE,39,6500000,Single,Inactive,0,0,0,0,nan
0,0,0,BO2,MALE,39,5000000,Married,Active,0,0,0,0,nan
0,1,0,BO2,FEMALE,39,4000000,Married,Inactive,0,0,0,1,mitraguna
1,0,0,BO2,MALE,37,11771204,Married,Active,0,0,0,0,griya
0,0,0,BO2,MALE,40,5500000,Married,Active,0,0,0,0,nan
0,0,0,BO2,MALE,41,3000000,Single,Inactive,0,0,0,1,nan
0,0,0,BO2,MALE,42,9000000,Married,Active,0,0,0,0,nan
0,1,0,BO2,FEMALE,54,8500000,Married,Active,0,1,0,1,"mitraguna, prapensiun"
0,0,0,BO2,FEMALE,38,8000000,Single,Inactive,0,0,0,1,nan
0,1,0,BO2,MALE,38,9500000,Single,Active,0,0,0,1,mitraguna
1,0,0,BO2,FEMALE,47,13992531,Married,Active,0,0,0,1,griya
0,0,0,BO2,MALE,37,4000000,Married,Active,0,0,0,0,nan
0,0,0,BO2,MALE,38,3500000,Single,Inactive,0,0,0,0,nan
0,0,0,BO2,FEMALE,35,8500000,Married,Inactive,0,0,0,0,nan
0,0,0,BO2,MALE,43,9000000,Single,Active,0,0,0,0,nan
0,0,0,BO2,MALE,43,2500000,Married,Active,0,0,0,1,nan
0,0,0,BO2,MALE,50,5500000,Married,Active,0,0,0,0,nan
0,0,0,BO2,MALE,36,3500000,Single,Active,0,0,0,1,nan
0,0,0,BO2,FEMALE,41,9000000,Married,Active,0,0,0,0,nan
0,0,0,BO2,MALE,37,4000000,Married,Inactive,0,0,0,0,nan
0,0,0,BO2,FEMALE,44,9000000,Married,Active,0,0,0,0,nan
0,0,0,BO2,FEMALE,39,10000000,Single,Active,0,0,0,0,nan
0,0,0,BO2,FEMALE,40,4500000,Married,Active,0,0,0,0,nan
0,0,0,BO2,MALE,36,9000000,Married,Inactive,0,0,0,0,nan
0,0,0,BO2,FEMALE,44,5500000,Married,Active,0,0,0,1,nan
0,0,0,BO2,MALE,38,10000000,Married,Active,0,0,0,0,nan
1,0,0,BO2,MALE,39,13957361,Married,Inactive,0,0,0,1,griya
0,1,0,BO2,MALE,38,3000000,Married,Inactive,0,0,0,1,mitraguna
0,0,0,BO2,MALE,40,7000000,Single,Active,0,0,0,1,nan
0,0,0,BO2,FEMALE,39,7000000,Single,Active,0,0,0,0,nan
0,0,0,BO2,MALE,43,3000000,Married,Active,0,0,0,0,nan
0,0,0,BO2,MALE,41,4000000,Single,Inactive,0,0,0,0,nan
0,0,0,BO2,MALE,35,4000000,Single,Active,0,0,0,0,nan
0,0,0,BO2,MALE,41,8000000,Single,Inactive,0,0,0,0,nan
0,0,0,BO2,MALE,43,4000000,Married,Inactive,0,0,0,0,nan
0,0,0,BO2,MALE,41,5000000,Married,Inactive,0,0,0,1,nan
0,0,0,BO2,MALE,43,8500000,Married,Inactive,0,0,0,0,nan
1,0,0,BO2,MALE,41,11870722,Married,Active,0,0,0,0,griya
0,0,0,BO2,MALE,52,9000000,Married,Active,0,1,0,0,prapensiun
0,0,0,BO2,MALE,41,2500000,Single,Inactive,0,0,0,0,nan
0,0,0,BO2,MALE,41,5000000,Married,Active,0,0,0,0,nan
0,0,0,BO2,MALE,41,8000000,Married,Active,0,0,0,1,nan
0,0,0,BO2,FEMALE,35,9500000,Single,Inactive,0,0,0,0,nan
0,0,0,BO2,FEMALE,46,2000000,Single,Inactive,0,0,0,1,nan
0,0,0,BO2,FEMALE,29,7500000,Single,Active,0,0,0,0,nan
0,0,0,BO2,FEMALE,52,6500000,Married,Active,0,1,0,0,prapensiun
0,0,0,RS,FEMALE,24,8000000,Single,Active,0,0,0,0,nan
1,0,0,BO2,FEMALE,39,14068269,Married,Active,0,0,0,0,griya
0,0,0,BO2,FEMALE,47,9500000,Married,Inactive,0,0,0,0,nan
0,0,0,BO2,FEMALE,49,5500000,Married,Active,0,0,0,0,nan
0,0,0,BO2,FEMALE,41,8500000,Single,Active,0,0,0,1,nan
0,0,0,BO2,MALE,40,9500000,Single,Inactive,0,0,0,0,nan
0,0,0,BO2,FEMALE,36,7000000,Married,Inactive,0,0,0,0,nan
0,0,0,BO2,MALE,38,4000000,Married,Inactive,0,0,0,0,nan
0,1,0,BO2,FEMALE,38,2000000,Married,Active,0,0,0,1,mitraguna
0,0,0,BO2,MALE,35,8000000,Single,Inactive,0,0,0,0,nan
0,0,0,BO2,MALE,40,3000000,Married,Active,0,0,0,0,nan
0,0,0,BO2,MALE,34,8500000,Single,Inactive,0,0,0,0,nan
0,0,0,BO2,MALE,39,4500000,Single,Active,0,0,0,0,nan
0,0,0,BO2,MALE,38,2500000,Single,Active,0,0,0,0,nan
0,0,0,BO2,MALE,37,6000000,Married,Inactive,0,0,0,1,nan
0,0,0,BO2,MALE,39,8000000,Married,Inactive,0,0,0,0,nan
0,0,0,BO2,MALE,38,7000000,Married,Active,0,0,0,0,nan
0,0,0,BO2,FEMALE,54,5000000,Single,Inactive,0,1,0,0,prapensiun
0,0,0,BO2,MALE,38,9000000,Married,Inactive,0,0,0,0,nan
0,0,0,BO2,MALE,40,7000000,Single,Active,0,0,0,0,nan
0,0,0,BO2,MALE,42,7000000,Single,Inactive,0,0,0,0,nan
0,0,0,BO2,MALE,33,8000000,Married,Active,0,0,0,0,nan
0,0,0,BO2,MALE,38,6000000,Single,Active,0,0,0,0,nan
0,0,0,Swasta,FEMALE,25,6000000,Married,Inactive,0,0,0,1,nan
0,1,0,BO2,MALE,41,3000000,Married,Inactive,0,0,0,1,mitraguna
0,0,0,BO2,FEMALE,36,9500000,Married,Active,0,0,0,0,nan
0,0,0,BO2,FEMALE,35,2500000,Single,Inactive,0,0,0,0,nan
0,0,0,BO2,MALE,36,7500000,Single,Inactive,0,0,0,1,nan
0,1,0,BO2,FEMALE,37,5500000,Single,Inactive,0,0,0,1,mitraguna
0,0,0,Swasta,FEMALE,50,2000000,Married,Inactive,0,1,0,0,prapensiun
0,0,0,BO2,FEMALE,36,2000000,Single,Inactive,0,0,0,0,nan
0,0,0,BO2,FEMALE,41,4000000,Single,Inactive,0,0,0,0,nan
0,0,0,BO2,MALE,36,4000000,Married,Active,0,0,0,0,nan
0,0,0,BO2,MALE,38,9500000,Single,Inactive,0,0,0,0,nan
0,0,0,BO2,MALE,36,5000000,Single,Active,0,0,0,0,nan
0,0,0,BO2,MALE,37,9000000,Married,Inactive,0,0,0,0,nan
0,0,0,BO2,MALE,36,6000000,Married,Active,0,0,0,1,nan
0,0,0,BO2,MALE,36,4500000,Married,Inactive,0,0,0,0,nan
0,0,0,BO2,FEMALE,50,6500000,Single,Active,0,1,0,0,prapensiun
0,0,0,BO2,MALE,40,3500000,Single,Active,0,0,0,0,nan
0,0,0,BO2,MALE,42,6500000,Single,Active,0,0,0,0,nan
0,0,0,Pendidikan,FEMALE,33,8000000,Married,Active,0,0,0,1,nan
0,0,0,BO2,MALE,37,5500000,Single,Inactive,0,0,0,1,nan
0,0,0,BO2,MALE,43,3500000,Married,Active,0,0,0,1,nan
0,0,0,BO2,MALE,44,6500000,Married,Active,0,0,0,0,nan
0,1,0,BO2,MALE,41,3500000,Single,Active,0,0,0,1,mitraguna
0,0,0,BO2,MALE,42,2500000,Married,Active,0,0,0,0,nan
0,0,0,BO2,FEMALE,37,7500000,Married,Inactive,0,0,0,0,nan
0,0,0,BO2,MALE,39,8500000,Single,Inactive,0,0,0,0,nan
0,0,0,BO2,FEMALE,33,7500000,Married,Active,0,0,0,0,nan
0,0,0,BO2,MALE,33,10000000,Married,Active,0,0,0,1,nan
0,0,0,BO2,MALE,35,2000000,Married,Active,0,0,0,1,nan
0,0,0,BO2,MALE,32,8500000,Married,Inactive,0,0,0,1,nan
0,1,0,BO2,MALE,35,9500000,Single,Active,0,0,0,1,mitraguna
0,0,0,BO2,MALE,33,8500000,Single,Active,0,0,0,1,nan
0,0,0,BO2,MALE,35,7500000,Married,Inactive,0,0,0,0,nan
0,0,0,BO2,MALE,35,9000000,Single,Active,0,0,0,1,nan
0,0,0,BO2,MALE,33,8500000,Single,Active,0,0,0,0,nan
0,0,0,BO2,MALE,37,4500000,Single,Inactive,0,0,0,0,nan
0,0,0,BO2,MALE,39,9000000,Single,Active,0,0,0,1,nan
1,0,0,BO2,MALE,37,12930286,Married,Active,0,0,0,0,griya
0,0,0,BO2,MALE,38,7000000,Married,Inactive,0,0,0,1,nan
0,0,0,Non Target Market,FEMALE,30,6000000,Single,Inactive,0,0,0,0,nan
0,0,0,BO2,FEMALE,41,9000000,Single,Active,0,0,0,1,nan
0,1,0,BO2,FEMALE,38,5500000,Single,Active,0,0,0,1,mitraguna
0,0,0,BO2,MALE,35,9500000,Single,Inactive,0,0,0,0,nan
0,0,0,BO2,MALE,34,7000000,Married,Inactive,0,0,0,0,nan
0,0,0,BO2,MALE,34,4500000,Single,Inactive,0,0,0,1,nan
0,0,0,BO2,MALE,29,5000000,Married,Inactive,0,0,0,0,nan
0,0,0,BO2,MALE,30,6000000,Married,Inactive,0,0,0,0,nan
0,0,0,BO2,MALE,34,7000000,Single,Inactive,0,0,0,0,nan
0,0,0,Pendidikan,MALE,36,6000000,Single,Active,0,0,0,0,nan
0,0,0,BO2,MALE,35,10000000,Single,Inactive,0,0,0,1,nan
0,0,0,Pendidikan,MALE,57,5000000,Married,Inactive,0,0,0,1,nan
1,0,0,BO2,FEMALE,38,14224164,Married,Inactive,0,0,0,0,griya
0,0,0,BO2,MALE,35,8500000,Single,Active,0,0,0,0,nan
0,0,0,BO2,MALE,28,9500000,Married,Inactive,0,0,0,1,nan
0,0,0,BO2,FEMALE,42,9500000,Married,Active,0,0,0,1,nan
0,0,0,BO2,FEMALE,31,2000000,Married,Active,0,0,0,0,nan
0,0,0,BO2,MALE,30,3000000,Single,Inactive,0,0,0,0,nan
0,0,0,BO2,MALE,33,6500000,Married,Active,0,0,0,0,nan
0,0,0,BO2,MALE,29,5500000,Married,Active,0,0,0,1,nan
0,0,0,BO2,MALE,29,8000000,Married,Inactive,0,0,0,0,nan
0,0,0,BO2,MALE,33,5500000,Single,Active,0,0,0,0,nan
0,0,0,BO2,MALE,34,10000000,Single,Inactive,0,0,0,1,nan
0,0,0,BO2,MALE,33,7500000,Married,Inactive,0,0,0,0,nan
0,0,0,BO2,MALE,35,9000000,Single,Active,0,0,0,0,nan
0,0,0,BO2,FEMALE,33,6000000,Married,Inactive,0,0,0,0,nan
0,0,0,BO2,MALE,33,6000000,Single,Inactive,0,0,0,1,nan
0,0,0,BO2,MALE,34,5500000,Married,Inactive,0,0,0,1,nan
0,0,0,BO2,MALE,32,3500000,Married,Active,0,0,0,1,nan
0,0,0,BO2,MALE,34,5000000,Married,Inactive,0,0,0,1,nan
1,0,0,BO2,MALE,32,14507592,Single,Inactive,0,0,0,1,griya
0,0,0,BO2,MALE,34,5000000,Single,Active,0,0,0,0,nan
0,0,0,Non Target Market,MALE,27,6000000,Single,Inactive,0,0,0,0,nan
0,0,0,Pendidikan,FEMALE,26,6500000,Married,Inactive,0,0,0,1,nan
0,0,0,BO2,FEMALE,38,5000000,Married,Inactive,0,0,0,0,nan
0,0,0,BO2,FEMALE,37,4500000,Single,Active,0,0,0,1,nan
0,0,0,BO2,MALE,38,2000000,Single,Inactive,0,0,0,0,nan
0,0,0,BO2,FEMALE,39,4000000,Single,Inactive,0,0,0,0,nan
0,0,0,BO2,MALE,31,6000000,Married,Inactive,0,0,0,0,nan
0,0,0,BO2,MALE,30,6500000,Single,Inactive,0,0,0,1,nan
0,0,0,BO2,MALE,30,4000000,Married,Active,0,0,0,0,nan
0,0,0,BO2,FEMALE,30,3500000,Single,Active,0,0,0,0,nan
1,0,0,BO2,FEMALE,31,13017637,Single,Active,0,0,0,1,griya
1,0,0,BO2,MALE,32,14706842,Married,Inactive,0,0,0,0,griya
0,0,0,BO2,FEMALE,41,4500000,Single,Inactive,0,0,0,0,nan
0,0,0,RS,FEMALE,27,2500000,Married,Inactive,0,0,0,0,nan
0,0,0,BO2,MALE,33,9500000,Married,Active,0,0,0,0,nan
0,0,0,BO2,MALE,38,3500000,Single,Inactive,0,0,0,1,nan
0,0,0,BO2,MALE,34,3000000,Single,Inactive,0,0,0,1,nan
1,0,0,BO2,MALE,34,13326054,Married,Active,0,0,0,0,griya
0,0,0,BO2,MALE,35,9500000,Single,Inactive,0,0,0,0,nan
0,0,0,BO2,FEMALE,34,3000000,Married,Inactive,0,0,0,0,nan
0,1,0,BO2,MALE,34,2500000,Single,Inactive,0,0,0,1,mitraguna
0,0,0,BO2,MALE,34,4000000,Married,Inactive,0,0,0,0,nan
0,0,0,BO2,FEMALE,32,4000000,Married,Active,0,0,0,0,nan
0,0,0,BO2,MALE,35,5500000,Single,Active,0,0,0,0,nan
0,0,0,Pensiun,MALE,59,5500000,Married,Active,1,0,0,0,pensiun
0,1,0,BO2,FEMALE,40,8000000,Married,Inactive,0,0,0,1,mitraguna
0,0,0,BO2,FEMALE,35,9000000,Married,Active,0,0,0,0,nan
0,0,0,BO2,MALE,36,9000000,Married,Inactive,0,0,0,0,nan
0,0,0,BO2,FEMALE,35,6500000,Married,Inactive,0,0,0,1,nan
0,0,0,BO2,FEMALE,41,8500000,Married,Inactive,0,0,0,1,nan
0,0,0,BO2,MALE,33,6500000,Single,Inactive,0,0,0,0,nan
0,0,0,BO2,FEMALE,34,2500000,Single,Active,0,0,0,0,nan
0,0,0,BO2,MALE,33,3500000,Married,Active,0,0,0,0,nan
0,1,0,BO2,MALE,34,5000000,Married,Inactive,0,0,0,1,mitraguna
0,0,0,BO2,MALE,33,5000000,Married,Active,0,0,0,0,nan
0,0,0,BO2,MALE,33,6000000,Single,Inactive,0,0,0,1,nan
0,0,0,BO2,FEMALE,45,3000000,Married,Inactive,0,0,0,1,nan
0,0,0,BO2,FEMALE,38,4500000,Single,Inactive,0,0,0,1,nan
0,0,0,BO2,FEMALE,38,5500000,Single,Inactive,0,0,0,0,nan
0,0,0,Pendidikan,MALE,26,3000000,Married,Active,0,0,0,0,nan
0,0,0,BO2,MALE,31,4500000,Single,Inactive,0,0,0,0,nan
0,0,0,BO2,MALE,29,2000000,Married,Active,0,0,0,0,nan
0,0,0,BO2,FEMALE,31,8500000,Single,Active,0,0,0,0,nan
0,0,0,BO2,MALE,29,9000000,Married,Inactive,0,0,0,0,nan
1,0,0,BO2,FEMALE,30,13644599,Married,Inactive,0,0,0,0,griya
0,0,0,BO2,MALE,30,6500000,Married,Active,0,0,0,0,nan
0,0,0,BO2,MALE,34,5500000,Single,Active,0,0,0,0,nan
0,0,0,Pendidikan,FEMALE,24,3500000,Married,Active,0,0,0,1,nan
0,0,0,BO2,MALE,34,4000000,Married,Inactive,0,0,0,0,nan
0,0,0,BO2,FEMALE,46,6000000,Married,Active,0,0,0,0,nan
0,0,0,BO2,FEMALE,39,4000000,Single,Active,0,0,0,1,nan
0,0,0,BO2,FEMALE,37,3000000,Married,Active,0,0,0,0,nan
0,0,0,BO2,FEMALE,36,2500000,Married,Active,0,0,0,0,nan
0,0,0,BO2,FEMALE,32,4500000,Married,Active,0,0,0,0,nan
1,0,0,BO2,FEMALE,37,13647850,Single,Active,0,0,0,0,griya
1,0,0,BO2,FEMALE,36,14817879,Married,Inactive,0,0,0,1,griya
0,0,0,BO2,MALE,37,6500000,Married,Inactive,0,0,0,0,nan
1,0,0,BO2,MALE,37,11659781,Single,Inactive,0,0,0,1,griya
0,0,0,BO2,FEMALE,37,10000000,Married,Inactive,0,0,0,0,nan
0,0,0,BO2,FEMALE,37,9500000,Married,Active,0,0,0,0,nan
1,0,0,BO2,FEMALE,36,11982263,Married,Inactive,0,0,0,0,griya
0,0,0,BO2,FEMALE,37,3000000,Single,Active,0,0,0,0,nan
0,0,0,BO2,MALE,34,2000000,Single,Inactive,0,0,0,0,nan
0,0,0,BO2,FEMALE,29,3000000,Married,Inactive,0,0,0,1,nan
0,0,0,BO2,MALE,29,5500000,Married,Inactive,0,0,0,1,nan
1,0,0,BO2,MALE,28,11719423,Single,Active,0,0,0,0,griya
0,0,0,BO2,MALE,28,6000000,Single,Active,0,0,0,0,nan
0,0,0,BO2,MALE,29,4500000,Single,Inactive,0,0,0,0,nan
0,0,0,BO2,MALE,30,9500000,Married,Inactive,0,0,0,0,nan
1,0,0,BO2,MALE,29,10000000,Single,Active,0,0,0,1,griya
1,0,0,BO2,MALE,30,11979549,Married,Inactive,0,0,0,1,griya
0,0,0,BO2,MALE,29,4500000,Single,Inactive,0,0,0,0,nan
0,0,0,BO2,FEMALE,29,8500000,Married,Inactive,0,0,0,0,nan
0,0,0,BO2,MALE,30,3000000,Married,Inactive,0,0,0,0,nan
0,0,0,BO2,FEMALE,27,9500000,Single,Inactive,0,0,0,0,nan
0,0,0,BO2,MALE,35,8500000,Married,Inactive,0,0,0,0,nan
0,0,0,BO2,MALE,40,7000000,Single,Active,0,0,0,0,nan
0,0,0,Non Target Market,MALE,28,7000000,Single,Inactive,0,0,0,0,nan
0,0,0,BO2,MALE,31,3500000,Married,Inactive,0,0,0,1,nan
0,0,0,BO2,MALE,31,8500000,Married,Active,0,0,0,0,nan
0,0,0,Pensiun,MALE,55,9500000,Single,Active,0,1,0,0,prapensiun
0,0,0,BO2,FEMALE,37,6500000,Single,Inactive,0,0,0,0,nan
0,0,0,BO2,MALE,28,2500000,Single,Inactive,0,0,0,1,nan
0,0,0,BO2,FEMALE,35,3000000,Married,Inactive,0,0,0,0,nan
0,0,0,BO2,FEMALE,28,7000000,Married,Inactive,0,0,0,0,nan
0,0,0,BO2,FEMALE,37,6000000,Married,Inactive,0,0,0,0,nan
0,0,0,BO2,MALE,38,7000000,Single,Inactive,0,0,0,0,nan
0,0,0,Pendidikan,MALE,26,3500000,Single,Inactive,0,0,0,0,nan
0,0,0,BO2,MALE,28,9000000,Single,Active,0,0,0,0,nan
1,0,0,BO2,MALE,29,12533827,Married,Active,0,0,0,0,griya
0,0,0,BO2,MALE,28,10000000,Single,Inactive,0,0,0,0,nan
0,0,0,BO2,MALE,30,7500000,Married,Active,0,0,0,0,nan
0,0,0,BO2,MALE,28,9500000,Married,Inactive,0,0,0,0,nan
0,0,0,BO2,MALE,29,9000000,Married,Active,0,0,0,1,nan
0,0,0,BO2,MALE,31,2500000,Married,Inactive,0,0,0,0,nan
0,0,0,BO2,MALE,29,5000000,Married,Inactive,0,0,0,0,nan
0,0,0,Pendidikan,MALE,30,6000000,Married,Inactive,0,0,0,1,nan
0,0,0,BO2,MALE,30,4000000,Single,Inactive,0,0,0,0,nan
0,0,0,BO2,FEMALE,35,9000000,Married,Inactive,0,0,0,0,nan
0,0,0,BO2,FEMALE,34,9500000,Married,Active,0,0,0,0,nan
0,0,0,BO2,FEMALE,35,2000000,Single,Active,0,0,0,0,nan
0,0,0,BO2,MALE,34,5500000,Married,Inactive,0,0,0,0,nan
0,0,0,Pendidikan,MALE,29,6500000,Married,Active,0,0,0,1,nan
0,0,0,BO2,FEMALE,37,2000000,Married,Active,0,0,0,0,nan
0,0,0,BO2,MALE,28,3000000,Married,Inactive,0,0,0,1,nan
1,0,0,BO2,MALE,34,13433941,Married,Active,0,0,0,0,griya
1,0,0,BO2,FEMALE,30,12726736,Married,Inactive,0,0,0,0,griya
0,0,0,BO2,FEMALE,30,9000000,Married,Inactive,0,0,0,0,nan
0,0,0,BO2,MALE,25,3500000,Single,Active,0,0,0,0,nan
0,0,0,BO2,MALE,30,4000000,Single,Active,0,0,0,0,nan
0,0,0,BO2,FEMALE,27,9500000,Single,Inactive,0,0,0,0,nan
0,1,0,BO2,FEMALE,30,6000000,Single,Inactive,0,0,0,1,mitraguna
0,0,0,BO2,FEMALE,30,9500000,Married,Inactive,0,0,0,1,nan
0,0,0,BO2,FEMALE,29,9500000,Single,Inactive,0,0,0,0,nan
0,0,0,BO2,MALE,34,4000000,Single,Active,0,0,0,0,nan
0,0,0,BO2,FEMALE,30,4000000,Married,Active,0,0,0,1,nan
0,0,0,BO2,FEMALE,35,3000000,Single,Inactive,0,0,0,0,nan
0,1,0,BO2,FEMALE,35,8500000,Married,Inactive,0,0,0,1,mitraguna
0,0,0,BO2,MALE,31,7000000,Single,Inactive,0,0,0,1,nan
0,0,0,BO2,MALE,29,10000000,Married,Active,0,0,0,0,nan
0,0,0,BO2,FEMALE,23,6000000,Married,Active,0,0,0,0,nan
1,0,0,BO2,FEMALE,34,12464252,Married,Inactive,0,0,0,1,griya
0,0,0,BO2,MALE,33,6500000,Single,Inactive,0,0,0,0,nan
0,0,0,BO2,FEMALE,33,4000000,Single,Active,0,0,0,0,nan
0,0,0,BO2,FEMALE,32,9000000,Single,Active,0,0,0,0,nan
0,0,0,BO2,FEMALE,34,9500000,Single,Active,0,0,0,0,nan
0,0,0,BO2,FEMALE,33,7500000,Single,Active,0,0,0,1,nan
0,1,0,BO2,FEMALE,32,7000000,Married,Active,0,0,0,1,mitraguna
0,0,0,BO2,FEMALE,33,9000000,Single,Inactive,0,0,0,0,nan
0,0,0,BO2,MALE,34,7000000,Single,Active,0,0,0,0,nan
0,1,0,BO2,MALE,35,5000000,Married,Inactive,0,0,0,1,mitraguna
0,0,0,BO2,FEMALE,33,5500000,Single,Inactive,0,0,0,0,nan
0,0,0,BO2,FEMALE,33,8000000,Married,Active,0,0,0,0,nan
0,0,0,Non Target Market,FEMALE,25,5500000,Single,Inactive,0,0,0,1,nan
0,1,0,BO2,MALE,27,8500000,Married,Active,0,0,0,1,mitraguna
0,0,0,Pendidikan,FEMALE,27,2500000,Single,Active,0,0,0,0,nan
0,0,0,BO2,MALE,26,7000000,Single,Inactive,0,0,0,0,nan
0,0,0,BO2,MALE,26,9500000,Married,Active,0,0,0,1,nan
0,0,0,BO2,FEMALE,31,8000000,Single,Active,0,0,0,1,nan
0,0,0,BO2,FEMALE,30,4000000,Married,Active,0,0,0,0,nan
0,0,0,BO2,FEMALE,34,9500000,Single,Active,0,0,0,1,nan
0,1,0,BO2,FEMALE,30,2500000,Married,Active,0,0,0,1,mitraguna
0,0,0,Swasta,FEMALE,21,4000000,Married,Active,0,0,0,0,nan
0,0,0,BUMN,MALE,44,11000000,Single,Inactive,0,0,0,1,nan
0,0,0,BO2,FEMALE,30,9000000,Single,Inactive,0,0,0,1,nan
0,1,0,BO2,FEMALE,29,3500000,Single,Active,0,0,0,1,mitraguna
0,0,0,BO2,FEMALE,30,10000000,Single,Active,0,0,0,0,nan
0,0,0,BO2,FEMALE,31,9000000,Single,Inactive,0,0,0,0,nan
0,0,0,BO2,FEMALE,29,2000000,Married,Inactive,0,0,0,0,nan
0,0,0,BO2,FEMALE,29,4000000,Single,Inactive,0,0,0,0,nan
0,0,0,BO2,FEMALE,32,9500000,Married,Active,0,0,0,0,nan
0,0,0,BO2,MALE,28,6000000,Single,Inactive,0,0,0,1,nan
0,0,0,BUMN,MALE,43,26500000,Single,Active,0,0,0,1,nan
0,1,0,BO2,FEMALE,28,3000000,Single,Active,0,0,0,1,mitraguna
0,0,0,BO2,MALE,28,7000000,Single,Inactive,0,0,0,1,nan
0,0,0,BO2,MALE,27,8000000,Single,Inactive,0,0,0,0,nan
0,0,0,BO2,FEMALE,29,7000000,Married,Active,0,0,0,0,nan
0,0,0,BO2,FEMALE,28,9500000,Single,Inactive,0,0,0,0,nan
0,0,0,BO2,FEMALE,29,2500000,Single,Inactive,0,0,0,0,nan
0,0,0,BO2,FEMALE,29,3000000,Single,Inactive,0,0,0,0,nan
0,0,0,BO2,FEMALE,30,6500000,Married,Active,0,0,0,0,nan
0,0,0,BO2,MALE,30,3000000,Single,Active,0,0,0,1,nan
0,0,0,BO2,FEMALE,28,8500000,Single,Active,0,0,0,0,nan
0,0,0,BO2,FEMALE,29,3500000,Married,Active,0,0,0,0,nan
0,0,0,BO2,FEMALE,29,9000000,Single,Inactive,0,0,0,0,nan
0,0,0,BO2,FEMALE,34,4500000,Married,Inactive,0,0,0,1,nan
0,0,0,BO2,FEMALE,34,6500000,Single,Active,0,0,0,0,nan
0,1,0,BO2,FEMALE,30,2500000,Married,Active,0,0,0,1,mitraguna
0,0,0,BO2,FEMALE,30,7000000,Married,Active,0,0,0,0,nan
0,0,0,BO2,FEMALE,31,2500000,Married,Inactive,0,0,0,0,nan
0,0,0,BO2,MALE,30,7500000,Married,Inactive,0,0,0,0,nan
0,0,0,BO2,FEMALE,31,7500000,Married,Active,0,0,0,0,nan
0,0,0,BO2,FEMALE,30,4000000,Married,Active,0,0,0,1,nan
0,0,0,BO2,FEMALE,30,5500000,Married,Inactive,0,0,0,0,nan
0,0,0,BO2,FEMALE,29,4500000,Single,Active,0,0,0,1,nan
0,0,0,BO2,FEMALE,27,4500000,Single,Inactive,0,0,0,0,nan
0,0,0,Pendidikan,MALE,48,3000000,Single,Active,0,0,0,0,nan
0,0,0,Pendidikan,MALE,22,8000000,Married,Active,0,0,0,1,nan
0,1,0,BO2,MALE,25,5500000,Single,Inactive,0,0,0,1,mitraguna
0,0,0,BO2,MALE,30,4000000,Married,Active,0,0,0,0,nan
0,0,0,BO2,FEMALE,27,5500000,Married,Active,0,0,0,1,nan
0,0,0,BO2,FEMALE,26,6000000,Married,Active,0,0,0,1,nan
0,0,0,BO2,MALE,27,9000000,Married,Inactive,0,0,0,0,nan
0,0,0,BO2,MALE,26,6000000,Married,Inactive,0,0,0,0,nan
0,0,0,BO2,MALE,26,2000000,Married,Active,0,0,0,0,nan
0,1,0,BO2,MALE,29,9000000,Married,Active,0,0,0,1,mitraguna
0,0,0,BO2,MALE,29,3000000,Single,Active,0,0,0,0,nan
0,0,0,BO2,FEMALE,29,8500000,Single,Active,0,0,0,0,nan
0,0,0,BO2,MALE,28,6000000,Single,Active,0,0,0,1,nan
0,0,0,BO2,MALE,29,9000000,Married,Inactive,0,0,0,0,nan
0,0,0,BO2,FEMALE,28,8000000,Married,Inactive,0,0,0,0,nan
0,0,0,BO2,FEMALE,29,9500000,Single,Inactive,0,0,0,1,nan
0,0,0,BO2,FEMALE,28,3500000,Single,Active,0,0,0,1,nan
0,0,0,BO2,MALE,29,5500000,Single,Active,0,0,0,0,nan
0,0,0,BO2,FEMALE,30,8000000,Single,Active,0,0,0,1,nan
0,0,0,BO2,MALE,29,7500000,Married,Inactive,0,0,0,0,nan
0,0,0,BO2,MALE,27,6500000,Married,Active,0,0,0,1,nan
0,0,0,BO2,FEMALE,30,6500000,Married,Active,0,0,0,0,nan
0,0,0,BO2,MALE,29,2000000,Single,Active,0,0,0,1,nan
0,0,0,BO2,FEMALE,28,8000000,Married,Inactive,0,0,0,0,nan
0,0,0,BO2,FEMALE,28,6000000,Married,Inactive,0,0,0,0,nan
0,0,0,BO2,FEMALE,29,2000000,Single,Active,0,0,0,1,nan
0,0,0,BO2,MALE,28,6500000,Married,Inactive,0,0,0,0,nan
0,0,0,BO2,MALE,29,5500000,Married,Inactive,0,0,0,0,nan
0,0,0,Pendidikan,MALE,25,6000000,Single,Inactive,0,0,0,1,nan
0,0,0,BO2,FEMALE,30,4000000,Single,Inactive,0,0,0,0,nan
0,0,0,BO2,FEMALE,27,2500000,Married,Active,0,0,0,0,nan
0,0,0,BO2,MALE,28,6500000,Single,Active,0,0,0,0,nan
0,0,0,BO2,FEMALE,26,9000000,Married,Active,0,0,0,0,nan
0,0,0,BO2,FEMALE,29,7500000,Single,Active,0,0,0,1,nan
0,0,0,BO2,MALE,29,4000000,Married,Inactive,0,0,0,1,nan
0,0,0,BO2,FEMALE,30,3000000,Married,Inactive,0,0,0,0,nan
0,0,0,BO2,FEMALE,25,6500000,Single,Active,0,0,0,0,nan
0,0,0,BO2,FEMALE,27,7000000,Single,Inactive,0,0,0,0,nan
0,0,0,BO2,FEMALE,28,8500000,Single,Active,0,0,0,0,nan
0,0,0,BO2,FEMALE,28,4500000,Married,Active,0,0,0,1,nan
1,0,0,BO2,MALE,29,13373162,Single,Active,0,0,0,0,griya
0,0,0,BO2,FEMALE,29,7500000,Married,Active,0,0,0,0,nan
0,0,0,BO2,FEMALE,25,10000000,Single,Inactive,0,0,0,1,nan
0,0,0,BO2,FEMALE,24,10000000,Single,Active,0,0,0,0,nan
0,0,0,BO2,FEMALE,24,4500000,Married,Active,0,0,0,1,nan
0,0,0,BO2,FEMALE,26,6000000,Married,Inactive,0,0,0,0,nan
0,0,0,BO2,FEMALE,26,6500000,Married,Inactive,0,0,0,0,nan
0,0,0,BO2,MALE,25,7000000,Single,Active,0,0,0,0,nan
0,0,0,BO2,FEMALE,27,9000000,Married,Inactive,0,0,0,0,nan
0,0,0,Pendidikan,MALE,26,3000000,Single,Inactive,0,0,0,0,nan
0,0,0,BO2,MALE,23,5500000,Single,Inactive,0,0,0,0,nan
0,0,0,BO2,FEMALE,28,8000000,Married,Inactive,0,0,0,0,nan
0,0,0,Swasta,MALE,32,7500000,Married,Inactive,0,0,0,0,nan
0,0,0,BO2,MALE,25,8000000,Single,Inactive,0,0,0,1,nan
0,0,0,BO2,FEMALE,25,2000000,Single,Active,0,0,0,0,nan
0,0,0,BO2,FEMALE,25,6000000,Married,Active,0,0,0,1,nan
0,0,0,BO2,MALE,26,3500000,Single,Inactive,0,0,0,0,nan
0,1,0,BO2,FEMALE,26,7500000,Single,Active,0,0,0,1,mitraguna
0,0,0,BO2,FEMALE,24,7500000,Single,Active,0,0,0,1,nan
0,0,0,BO2,FEMALE,25,3500000,Married,Active,0,0,0,0,nan
1,0,0,BO2,MALE,28,14745635,Married,Active,0,0,0,0,griya
0,0,0,BO2,MALE,24,9500000,Single,Inactive,0,0,0,1,nan
0,0,0,Swasta,FEMALE,31,2000000,Single,Active,0,0,0,0,nan
0,0,0,Non Target Market,FEMALE,30,7000000,Married,Inactive,0,0,0,1,nan
0,0,0,Pendidikan,MALE,27,5500000,Married,Active,0,0,0,0,nan
0,0,0,Swasta,FEMALE,32,3000000,Single,Active,0,0,0,0,nan
0,0,0,BO2,FEMALE,40,9000000,Single,Active,0,0,0,0,nan
0,0,0,BUMN,MALE,39,46500000,Single,Inactive,0,0,0,0,nan
0,0,0,Pendidikan,MALE,29,8500000,Married,Active,0,0,0,0,nan
0,0,0,BUMN,MALE,40,12000000,Single,Active,0,0,0,0,nan
0,0,0,Swasta,FEMALE,36,2500000,Married,Inactive,0,0,0,1,nan
0,0,0,BUMN,MALE,47,7000000,Single,Active,0,0,0,0,nan
0,0,0,Non Target Market,MALE,30,6500000,Married,Inactive,0,0,0,1,nan
0,0,0,BO2,MALE,34,9500000,Single,Active,0,0,0,1,nan
0,0,0,Pendidikan,MALE,27,3500000,Married,Active,0,0,0,0,nan
0,0,0,BO2,FEMALE,29,5500000,Married,Active,0,0,0,0,nan
0,0,0,Pendidikan,FEMALE,30,4000000,Single,Active,0,0,0,0,nan
0,0,0,Pendidikan,MALE,22,8000000,Single,Active,0,0,0,1,nan
0,0,0,Swasta,MALE,47,7500000,Married,Active,0,0,0,0,nan
0,0,0,Swasta,FEMALE,30,8500000,Single,Inactive,0,0,0,0,nan
0,0,0,Pendidikan,FEMALE,36,4000000,Married,Active,0,0,0,0,nan
0,0,0,BUMN,MALE,44,31500000,Married,Active,0,0,0,0,nan
0,0,0,Pendidikan,FEMALE,33,3500000,Single,Inactive,0,0,0,0,nan
0,0,0,BUMN,MALE,29,36000000,Married,Active,0,0,0,0,nan
0,0,0,Pendidikan,FEMALE,23,6000000,Single,Inactive,0,0,0,1,nan
0,0,0,Swasta,FEMALE,58,2500000,Single,Active,1,0,0,0,pensiun
0,0,0,Pendidikan,FEMALE,37,7500000,Single,Inactive,0,0,0,1,nan
0,0,0,Swasta,FEMALE,31,9000000,Married,Active,0,0,0,0,nan
0,0,0,BUMN,MALE,42,20000000,Single,Active,0,0,0,0,nan
0,0,0,BUMN,MALE,54,28000000,Single,Active,0,0,0,0,nan
0,0,0,BUMN,MALE,53,11000000,Married,Active,0,1,0,0,prapensiun
0,0,0,BUMN,MALE,43,48500000,Married,Active,0,0,0,0,nan
0,0,0,Non Target Market,MALE,36,7500000,Married,Inactive,0,0,0,0,nan
0,0,0,BUMN,MALE,49,39500000,Married,Active,0,0,0,0,nan
0,0,0,Swasta,FEMALE,41,8000000,Single,Active,0,0,0,0,nan
0,0,0,Swasta,FEMALE,45,6000000,Married,Inactive,0,0,0,0,nan
0,0,0,Non Target Market,MALE,63,5000000,Single,Inactive,1,0,0,0,pensiun
0,0,0,Swasta,FEMALE,55,3000000,Married,Inactive,0,0,0,1,nan
0,0,0,Swasta,FEMALE,20,5000000,Married,Inactive,0,0,0,0,nan
0,0,0,Non Target Market,FEMALE,26,2000000,Single,Inactive,0,0,0,1,nan
0,0,0,Non Target Market,FEMALE,25,2500000,Married,Active,0,0,0,1,nan
0,0,0,Swasta,FEMALE,31,5500000,Single,Inactive,0,0,0,1,nan
